vdom,name,uuid,type,start-ip,end-ip,subnet,wildcard-fqdn,fqdn,associated-interface,comment
root,SSLVPN_TUNNEL_ADDR1,12979c72-449d-51e6-534a-c383a7cba076,iprange,10.212.134.200,10.212.134.210,,,,,
root,all,129744fc-449d-51e6-5c70-e110cd939c1f,,,,,,,,
root,none,12843286-449d-51e6-c84f-cb410e71b8dc,,,,0.0.0.0 255.255.255.255,,,,
root,apple,12843844-449d-51e6-70f7-d86bcae87721,wildcard-fqdn,,,,*.apple.com,,,
root,dropbox.com,12843d08-449d-51e6-f44e-854c2f97fe35,wildcard-fqdn,,,,*.dropbox.com,,,
root,Gotomeeting,1284415e-449d-51e6-f14f-279cca4db883,wildcard-fqdn,,,,*.gotomeeting.com,,,
root,icloud,128445b4-449d-51e6-5f75-9305ce6c14ed,wildcard-fqdn,,,,*.icloud.com,,,
root,itunes,12844a0a-449d-51e6-4bac-9fef9193b080,wildcard-fqdn,,,,*itunes.apple.com,,,
root,android,12844e42-449d-51e6-28a8-0d11f57664fc,wildcard-fqdn,,,,*.android.com,,,
root,skype,12845284-449d-51e6-4d8e-cb4760cc56c8,wildcard-fqdn,,,,*.messenger.live.com,,,
root,swscan.apple.com,1284573e-449d-51e6-2a40-1cf793484744,fqdn,,,,,swscan.apple.com,,
root,update.microsoft.com,12845b8a-449d-51e6-3d22-30562d35bff5,fqdn,,,,,update.microsoft.com,,
root,appstore,12845fcc-449d-51e6-5003-713a24ace220,wildcard-fqdn,,,,*.appstore.com,,,
root,eease,12846404-449d-51e6-acf8-6a36083fac50,wildcard-fqdn,,,,*.eease.com,,,
root,google-drive,128468b4-449d-51e6-4dd8-76eadeb4c732,wildcard-fqdn,,,,*drive.google.com,,,
root,google-play,12846cf6-449d-51e6-f78d-1a13c826ef17,fqdn,,,,,play.google.com,,
root,google-play2,12847138-449d-51e6-e74a-7afda3c4545b,wildcard-fqdn,,,,*.ggpht.com,,,
root,google-play3,12847570-449d-51e6-0976-463e09985b52,wildcard-fqdn,,,,*.books.google.com,,,
root,microsoft,12847a66-449d-51e6-019a-c8027a9ac090,wildcard-fqdn,,,,*.microsoft.com,,,
root,adobe,12847eda-449d-51e6-3b00-a5f7da1cda37,wildcard-fqdn,,,,*.adobe.com,,,
root,Adobe Login,12848326-449d-51e6-b778-568b72837367,wildcard-fqdn,,,,*.adobelogin.com,,,
root,fortinet,12848772-449d-51e6-cfe8-37381f5452f5,wildcard-fqdn,,,,*.fortinet.com,,,
root,googleapis.com,12848bb4-449d-51e6-6727-4fd097813663,wildcard-fqdn,,,,*.googleapis.com,,,
root,citrix,12849000-449d-51e6-df6c-c3c752352458,wildcard-fqdn,,,,*.citrixonline.com,,,
root,verisign,1284946a-449d-51e6-1a95-b448f54916f2,wildcard-fqdn,,,,*.verisign.com,,,
root,Windows update 2,128498b6-449d-51e6-085c-68fbdd318f80,wildcard-fqdn,,,,*.windowsupdate.com,,,
root,*.live.com,12849cf8-449d-51e6-51b1-403819a9d7ca,wildcard-fqdn,,,,*.live.com,,,
root,auth.gfx.ms,1284a13a-449d-51e6-39f8-c71ce5f36174,fqdn,,,,,auth.gfx.ms,,
root,autoupdate.opera.com,1284a59a-449d-51e6-13e4-61168023e2ee,fqdn,,,,,autoupdate.opera.com,,
root,softwareupdate.vmware.com,1284a9e6-449d-51e6-4238-7ba51d91ad12,fqdn,,,,,softwareupdate.vmware.com,,
root,firefox update server,1284ae3c-449d-51e6-102d-5354f67ba622,wildcard-fqdn,,,,aus*.mozilla.org,,,
CT03CASH2,none,f9009b30-7325-51e6-1d5c-b8602d1f471f,,,,0.0.0.0 255.255.255.255,,,,
CT03CASH2,adobe,f900a94a-7325-51e6-9cb2-5f42b83a3d42,wildcard-fqdn,,,,*.adobe.com,,,
CT03CASH2,Adobe Login,f900b7e6-7325-51e6-ee9c-25641cf18eff,wildcard-fqdn,,,,*.adobelogin.com,,,
CT03CASH2,android,f900c66e-7325-51e6-1db9-b0e92a19b896,wildcard-fqdn,,,,*.android.com,,,
CT03CASH2,apple,f900d50a-7325-51e6-6563-60f97a3ba526,wildcard-fqdn,,,,*.apple.com,,,
CT03CASH2,appstore,f900e324-7325-51e6-9efe-1df6ed21220d,wildcard-fqdn,,,,*.appstore.com,,,
CT03CASH2,auth.gfx.ms,f900f166-7325-51e6-8e60-b347e32668e7,fqdn,,,,,auth.gfx.ms,,
CT03CASH2,autoupdate.opera.com,f900ffe4-7325-51e6-57d0-6ffdbbf1738b,fqdn,,,,,autoupdate.opera.com,,
CT03CASH2,citrix,f9010e44-7325-51e6-2fce-3e00253cae78,wildcard-fqdn,,,,*.citrixonline.com,,,
CT03CASH2,dropbox.com,f9011ca4-7325-51e6-1eda-e9a438c1c877,wildcard-fqdn,,,,*.dropbox.com,,,
CT03CASH2,eease,f9012b04-7325-51e6-47dd-085780aecd3d,wildcard-fqdn,,,,*.eease.com,,,
CT03CASH2,firefox update server,f9013946-7325-51e6-a916-30c5a2b3d63f,wildcard-fqdn,,,,aus*.mozilla.org,,,
CT03CASH2,fortinet,f9014792-7325-51e6-aaba-f1b631af5ece,wildcard-fqdn,,,,*.fortinet.com,,,
CT03CASH2,googleapis.com,f90155e8-7325-51e6-e46d-6aa73e153fea,wildcard-fqdn,,,,*.googleapis.com,,,
CT03CASH2,google-drive,f901645c-7325-51e6-3f18-3b581a575bc9,wildcard-fqdn,,,,*drive.google.com,,,
CT03CASH2,google-play,f90172a8-7325-51e6-4d21-940f17cebe6a,fqdn,,,,,play.google.com,,
CT03CASH2,google-play2,f9018158-7325-51e6-58c6-54306fcf843e,wildcard-fqdn,,,,*.ggpht.com,,,
CT03CASH2,google-play3,f9018f86-7325-51e6-4e23-ac94753b4286,wildcard-fqdn,,,,*.books.google.com,,,
CT03CASH2,Gotomeeting,f9019dd2-7325-51e6-a736-7137e041bbc3,wildcard-fqdn,,,,*.gotomeeting.com,,,
CT03CASH2,icloud,f901ac0a-7325-51e6-d135-93991e4038f9,wildcard-fqdn,,,,*.icloud.com,,,
CT03CASH2,itunes,f901ba60-7325-51e6-2a6c-200d529f7395,wildcard-fqdn,,,,*itunes.apple.com,,,
CT03CASH2,microsoft,f901c8c0-7325-51e6-075b-3a85318f55fe,wildcard-fqdn,,,,*.microsoft.com,,,
CT03CASH2,skype,f901d70c-7325-51e6-3308-5e6ff790c684,wildcard-fqdn,,,,*.messenger.live.com,,,
CT03CASH2,softwareupdate.vmware.com,f901e56c-7325-51e6-a726-3729430c76b4,fqdn,,,,,softwareupdate.vmware.com,,
CT03CASH2,swscan.apple.com,f901f430-7325-51e6-1ad1-4c090714669b,fqdn,,,,,swscan.apple.com,,
CT03CASH2,update.microsoft.com,f90202b8-7325-51e6-c55e-65120c23c301,fqdn,,,,,update.microsoft.com,,
CT03CASH2,verisign,f902115e-7325-51e6-803f-5751a23e4238,wildcard-fqdn,,,,*.verisign.com,,,
CT03CASH2,Windows update 2,f9021faa-7325-51e6-aa69-d98444964288,wildcard-fqdn,,,,*.windowsupdate.com,,,
CT03CASH2,live.com,f9022e6e-7325-51e6-ac86-a403030f090b,wildcard-fqdn,,,,*.live.com,,,
CT03CASH2,SSLVPN_TUNNEL_ADDR1,f94f6ed6-7325-51e6-3d3d-52348ad31bde,iprange,10.212.134.200,10.212.134.210,,,,ssl.CT03CASH2,
CT03CASH2,all,f94f88a8-7325-51e6-7024-6af6dd8934e4,,,,,,,,
CT03CASH2,Net_10.1.93.0,4b2f7a3a-65a0-51e7-acab-72bcff341004,,,,10.1.93.0 255.255.255.0,,,I.CASH.Trust2,
CT03CASH2,Net_10.1.90.0,4b46014c-65a0-51e7-241a-f52cbaedb514,,,,10.1.90.0 255.255.255.0,,,I.CASH.Trust2,
CT03CASH2,Net_10.140.128.0/18,4b56bc58-65a0-51e7-4065-e27ff4f3b47d,,,,10.140.128.0 255.255.192.0,,,W.OCG.T3T4,
CT03CASH2,Net_10.143.128.0/18,4b6754aa-65a0-51e7-f517-44657c49a9be,,,,10.143.128.0 255.255.192.0,,,W.OCG.T3T4,
CT03CASH2,Net_10.140.192.0/18,4b77feae-65a0-51e7-051a-ed0404ac522f,,,,10.140.192.0 255.255.192.0,,,W.OCG.T3T4,
CT03CASH2,Net_10.143.192.0/18,4b88aa1a-65a0-51e7-8d97-8d27466fccf6,,,,10.143.192.0 255.255.192.0,,,W.OCG.T3T4,
CT03CASH2,Net_10.138.128.0/18,4b99514e-65a0-51e7-f66d-968c8cd7fb4e,,,,10.138.128.0 255.255.192.0,,,W.OCG.T3T4,
CT03CASH2,Net_10.141.128.0/18,4ba9f954-65a0-51e7-e3a9-a06e34a8779f,,,,10.141.128.0 255.255.192.0,,,W.OCG.T3T4,
CT03CASH2,Net_10.142.128.0/18,4bbaa1dc-65a0-51e7-50ce-2fea8af2ceaf,,,,10.142.128.0 255.255.192.0,,,W.OCG.T3T4,
CT03CASH2,Net_10.144.128.0/18,4bcb505e-65a0-51e7-0b6b-8420c90cb645,,,,10.144.128.0 255.255.192.0,,,W.OCG.T3T4,
CT03CASH2,Net_10.138.192.0/18,4bdbf42c-65a0-51e7-68d6-264a0accd879,,,,10.138.192.0 255.255.192.0,,,W.OCG.T3T4,
CT03CASH2,Net_10.141.192.0/18,4bec9dfe-65a0-51e7-4be7-fd42e3c7852c,,,,10.141.192.0 255.255.192.0,,,W.OCG.T3T4,
CT03CASH2,Net_10.142.192.0/18,4bfd474e-65a0-51e7-e1e0-d1b5dcfee62a,,,,10.142.192.0 255.255.192.0,,,W.OCG.T3T4,
CT03CASH2,Net_10.144.192.0/18,4c0df0c6-65a0-51e7-75b7-c269269227c6,,,,10.144.192.0 255.255.192.0,,,W.OCG.T3T4,
CT03CASH2,Net_10.139.128.0/18,4c1e9ca0-65a0-51e7-bb9e-667901c41fd7,,,,10.139.128.0 255.255.192.0,,,W.OCG.T3T4,
CT03CASH2,Net_10.139.192.0/18,4c2f4474-65a0-51e7-37c7-f8675c34fffd,,,,10.139.192.0 255.255.192.0,,,W.OCG.T3T4,
CT03CASH2,Net_10.56.128.0/18,4c3ff080-65a0-51e7-79f2-9458dbdf7cd0,,,,10.56.128.0 255.255.192.0,,,W.OMDC.T3T4,
CT03CASH2,Net_10.56.192.0/18,4c50989a-65a0-51e7-5fbc-ae29f79051a7,,,,10.56.192.0 255.255.192.0,,,W.OMDC.T3T4,
CT03CASH2,Net_10.57.128.0/18,4c90f796-65a0-51e7-90c0-cd784108cb60,,,,10.57.128.0 255.255.192.0,,,W.OMDC.T3T4,
CT03CASH2,Net_10.57.192.0/18,4c917a18-65a0-51e7-4aa8-20c84be1d4f7,,,,10.57.192.0 255.255.192.0,,,W.OMDC.T3T4,
CT03CASH2,Net_10.55.128.0/18,4c91fdf8-65a0-51e7-59e2-a31edf1298be,,,,10.55.128.0 255.255.192.0,,,W.OMDC.T3T4,
CT03CASH2,Net_10.55.192.0/18,4c933b82-65a0-51e7-4c88-71808d5493d2,,,,10.55.192.0 255.255.192.0,,,W.OMDC.T3T4,
CT03CASH2,Range_10.70.12.8-9,4ca3e374-65a0-51e7-9170-739b9894c9cd,iprange,10.70.12.8,10.70.12.9,,,,I.TOFAPP,
CT03CASH2,Range_10.70.2.8-9,4cb6f87e-65a0-51e7-5841-553b1fd50f06,iprange,10.70.2.8,10.70.2.9,,,,I.TOFAPP,
CT03CASH2,Range_10.1.89.94-95,4cc9f99c-65a0-51e7-22fd-5011995f56d2,iprange,10.1.89.94,10.1.89.95,,,,I.CASH.Trust2,
CT03CASH2,Host_10.164.1.100,4cdd080c-65a0-51e7-fa4b-e3842be7885b,,,,10.164.1.100 255.255.255.255,,,E.NMC,
CT03CASH2,Host_10.164.129.100,4cedac84-65a0-51e7-c9eb-639a3192d0ba,,,,10.164.129.100 255.255.255.255,,,E.NMC,
CT03CASH2,Range_10.164.1.8-9,4cfe5638-65a0-51e7-fa16-b828d426ec70,iprange,10.164.1.9,10.164.1.9,,,,E.NMC,
CT03CASH2,Host_10.164.129.8,4d1166d8-65a0-51e7-d655-57cfeda78199,,,,10.164.129.8 255.255.255.255,,,E.NMC,
CT03CASH2,Range_10.164.1.1-3,4d220c2c-65a0-51e7-d5d2-e7f1db24063b,iprange,10.164.1.1,10.164.1.3,,,,E.NMC,
CT03CASH2,Range_10.164.1.37-38,4d351510-65a0-51e7-54d6-0a3f4a63ea66,iprange,10.164.1.37,10.164.1.38,,,,E.NMC,
CT03CASH2,Host_10.164.1.42,4d481f16-65a0-51e7-ea10-87fa5bf4aa39,,,,10.164.1.42 255.255.255.255,,,E.NMC,
CT03CASH2,Range_10.164.1.44-45,4d58cbea-65a0-51e7-a3bc-7eae8975e3e2,iprange,10.164.1.44,10.164.1.45,,,,E.NMC,
CT03CASH2,Range_10.164.129.1-3,4d6e358e-65a0-51e7-72db-9739cde5f662,iprange,10.164.129.1,10.164.129.3,,,,E.NMC,
CT03CASH2,Range_10.164.129.37-38,4d814872-65a0-51e7-b566-d10d20bc30f2,iprange,10.164.129.37,10.164.129.38,,,,E.NMC,
CT03CASH2,Range_10.164.129.44-45,4da7544a-65a0-51e7-7afc-7f09ff845022,iprange,10.164.129.44,10.164.129.45,,,,E.NMC,
CT03CASH2,Net_10.70.12.0,4dba5ff4-65a0-51e7-b679-ae7941f45bcb,,,,10.70.12.0 255.255.255.0,,,I.TOFAPP,
CT03CASH2,Net_10.70.13.0,4dcb0908-65a0-51e7-9fe9-770f37d586c4,,,,10.70.13.0 255.255.255.0,,,I.TOFAPP,
CT03CASH2,Net_10.70.16.0,4dddb74c-65a0-51e7-73d0-8687cb918d4d,,,,10.70.16.0 255.255.255.0,,,I.TOFAPP,
CT03CASH2,Net_10.70.22.0,4dec59fa-65a0-51e7-247d-eea0cdfa6c4c,,,,10.70.22.0 255.255.255.0,,,I.TOFAPP,
CT03CASH2,Net_10.70.15.0,4dfd03ae-65a0-51e7-3ee9-45344e8622a2,,,,10.70.15.0 255.255.255.0,,,I.SATWEB,
CT03CASH2,Host_10.65.69.3,4e0db15e-65a0-51e7-cee8-56993b700468,,,,10.65.69.3 255.255.255.255,,,E.TOF1,
CT03CASH2,Host_10.63.134.248,4e1e564e-65a0-51e7-7c28-436ef82967d9,,,,10.63.134.248 255.255.255.255,,,E.TOF1,
CT03CASH2,Range_10.63.139.248-249,4e2f01b0-65a0-51e7-0cc4-aa71306ee724,iprange,10.63.139.248,10.63.139.249,,,,E.TOF1,
CT03CASH2,Range_10.63.140.248-249,4e420c24-65a0-51e7-5ca3-ee60d34b5d8f,iprange,10.63.140.248,10.63.140.249,,,,E.TOF1,
CT03CASH2,Host_10.63.139.248,4e551814-65a0-51e7-1a97-faf622cd1797,,,,10.63.139.248 255.255.255.255,,,E.TOF1,
CT03CASH2,Range_10.63.136.248-249,4e65c0f6-65a0-51e7-7821-978c18bbb93c,iprange,10.63.136.248,10.63.136.249,,,,E.TOF1,
CT03CASH2,Net_10.65.69.0,4e78c73c-65a0-51e7-9aed-10c0232c4dd7,,,,10.65.69.0 255.255.255.0,,,E.TOF1,
CT03CASH2,Host_10.164.1.23,4e89717c-65a0-51e7-2e71-692fb7a6a536,,,,10.164.1.23 255.255.255.255,,,E.NMC,
CT03CASH2,Host_10.164.130.23,4e9a1b80-65a0-51e7-602d-3b4716e3d49c,,,,10.164.130.23 255.255.255.255,,,E.NMC,
CT03CASH2,Range_10.63.142.15-19,4eaac50c-65a0-51e7-753c-571bd290f0e4,iprange,10.63.142.15,10.63.142.19,,,,E.NMC,
CT03CASH2,Host_10.63.142.38,4ebdd91c-65a0-51e7-a009-12cad8f83fee,,,,10.63.142.38 255.255.255.255,,,E.NMC,
CT03CASH2,Host_10.163.143.14,4ece8c26-65a0-51e7-635e-c3224d70d11e,,,,10.163.143.14 255.255.255.255,,,E.NMC,
CT03CASH2,Range_10.163.143.21-25,4edf3274-65a0-51e7-c73b-1f62bee1fce9,iprange,10.163.143.21,10.163.143.25,,,,E.NMC,
CT03CASH2,Host_10.164.129.21,4ef22b7c-65a0-51e7-44c0-78211bf9bde4,,,,10.164.129.21 255.255.255.255,,,E.NMC,
CT03CASH2,Host_10.164.1.21,4f02d526-65a0-51e7-00e3-18cc25a509a9,,,,10.164.1.21 255.255.255.255,,,E.NMC,
CT03CASH2,Host_10.164.1.51,4f137d7c-65a0-51e7-b6d2-3131fbf93470,,,,10.164.1.51 255.255.255.255,,,E.NMC,
CT03CASH2,Host_10.164.130.51,4f2428de-65a0-51e7-f8c0-81fd219a38bc,,,,10.164.130.51 255.255.255.255,,,E.NMC,
CT03CASH2,Host_10.164.1.36,4f34cfc2-65a0-51e7-abdd-76ba25750dcc,,,,10.164.1.36 255.255.255.255,,,E.NMC,
CT03CASH2,Host_10.164.130.36,4f6d0ea0-65a0-51e7-6468-28da0d5cce93,,,,10.164.130.36 255.255.255.255,,,E.NMC,
CT03CASH2,Net_10.164.1.0,4f6d7386-65a0-51e7-3d83-4571cf3bbba5,,,,10.164.1.0 255.255.255.0,,,E.NMC,
CT03CASH2,Net_10.164.129.0,4f6e1480-65a0-51e7-1cac-da68dbbd0970,,,,10.164.129.0 255.255.255.0,,,E.NMC,
CT03CASH2,Net_10.164.130.0,4f7777d2-65a0-51e7-9004-f8b069f4e6a2,,,,10.164.130.0 255.255.255.0,,,E.NMC,
CT03CASH2,Net_10.163.143.0,4f881ed4-65a0-51e7-0edd-1d8d7d6b65d8,,,,10.163.143.0 255.255.255.0,,,E.NMC,
CT03CASH2,Net_10.63.142.0,4f98c7fc-65a0-51e7-c266-f6d57d789e7e,,,,10.63.142.0 255.255.255.0,,,E.NMC,
CT03CASH2,Net_10.163.142.0,4fa97160-65a0-51e7-7710-ea79c28e8ec1,,,,10.163.142.0 255.255.255.0,,,E.NMC,
CT03CASH2,Host_10.70.3.72,4fba1b0a-65a0-51e7-71e4-244537ff4af0,,,,10.70.3.72 255.255.255.255,,,I.TOFAPP,
CT03CASH2,Host_10.70.3.76,4fcacaae-65a0-51e7-f560-e0a571c32dbc,,,,10.70.3.76 255.255.255.255,,,I.TOFAPP,
CT03CASH2,Range_10.70.3.83-84,4fdb70f2-65a0-51e7-d9ec-71ca795c2ae6,iprange,10.70.3.83,10.70.3.84,,,,I.TOFAPP,
CT03CASH2,Host_10.70.3.86,4fee77ba-65a0-51e7-bdfd-d581062a8dc4,,,,10.70.3.86 255.255.255.255,,,I.TOFAPP,
CT03CASH2,Host_10.70.13.72,4fff9f72-65a0-51e7-96a7-bcc58b50b510,,,,10.70.13.72 255.255.255.255,,,I.TOFAPP,
CT03CASH2,Host_10.70.13.76,50640d7c-65a0-51e7-73b4-7350cf78671a,,,,10.70.13.76 255.255.255.255,,,I.TOFAPP,
CT03CASH2,Range_10.70.13.83-84,506484e6-65a0-51e7-476a-5d78c86acff6,iprange,10.70.13.83,10.70.13.84,,,,I.TOFAPP,
CT03CASH2,Host_10.70.13.86,50f02f0a-65a0-51e7-572f-7a64ef74421d,,,,10.70.13.86 255.255.255.255,,,I.TOFAPP,
CT03CASH2,Host_10.70.6.11,50f1ed22-65a0-51e7-59fe-cb62f90d6a7b,,,,10.70.6.11 255.255.255.255,,,I.TOFAPP,
CT03CASH2,Host_10.70.16.11,50f260ea-65a0-51e7-5ccf-8a865f6f5e2e,,,,10.70.16.11 255.255.255.255,,,I.TOFAPP,
CT03CASH2,Range_10.1.88.80-85,50f330f6-65a0-51e7-62d6-bc6316a21269,iprange,10.1.88.80,10.1.88.85,,,,I.CASH.Trust2,
CT03CASH2,Net_10.65.85.0,50f3a856-65a0-51e7-e838-120f1ebb6b34,,,,10.65.85.0 255.255.255.0,,,E.TOF1,
CT03CASH2,Host_10.63.142.210,50f415c0-65a0-51e7-958d-107fb8281c84,,,,10.63.142.210 255.255.255.255,,,E.NMC,
CT03CASH2,Host_10.163.143.210,50f48b04-65a0-51e7-0787-c483a330f6bb,,,,10.163.143.210 255.255.255.255,,,E.NMC,
CT03CASH2,Range_10.70.14.101-102,50f50174-65a0-51e7-f7f3-5eaed1a7469f,iprange,10.70.14.101,10.70.14.102,,,,I.SATWEB,
CT03CASH2,Range_10.70.15.101-102,50f57d02-65a0-51e7-f300-5af2ff2056bc,iprange,10.70.5.101,10.70.5.102,,,,I.SATWEB,
CT03CASH2,Range_10.70.13.101-102,50f5fd40-65a0-51e7-9083-f019afb5538a,iprange,10.70.13.101,10.70.13.102,,,,I.TOFAPP,
CT03CASH2,Net_10.65.15.0,50f67c98-65a0-51e7-430d-450ccda81a1e,,,,10.65.15.0 255.255.255.0,,,E.OMDD4,
CT03CASH2,Host_10.164.1.40,50f6ef70-65a0-51e7-34f5-043e6bd88b39,,,,10.164.1.40 255.255.255.255,,,E.NMC,
CT03CASH2,Host_10.163.144.41,51138fea-65a0-51e7-46d2-6b1984389f85,,,,10.163.144.41 255.255.255.255,,,E.OCG,
CT03CASH2,Net_10.163.144.40_29,51159c54-65a0-51e7-e852-f0b3874b2acc,,,,10.163.144.40 255.255.255.248,,,I.CASH.Trust2,
CT03CASH2,Net_10.170.4.0,51264478-65a0-51e7-d914-2ab0023619f5,,,,10.170.4.0 255.255.255.0,,,E.OMDD,
CT03CASH2,Host_172.16.64.38,5136f35e-65a0-51e7-2fee-d6b6f5570317,,,,172.16.64.38 255.255.255.255,,,E.HKATS,
CT03CASH2,Host_172.16.64.40,51700d9c-65a0-51e7-7951-e4ba1207dcaa,,,,172.16.64.40 255.255.255.255,,,E.HKATS,
CT03CASH2,Net_172.16.64.0,5180be76-65a0-51e7-9f14-7aa19b608998,,,,172.16.64.0 255.255.255.0,,,E.HKATS,
CT03CASH2,Range_10.1.88.84-85,51b2b5ac-65a0-51e7-45e4-ffbbc3c2d85f,iprange,10.1.88.84,10.1.88.85,,,,I.CASH.Trust2,
CT03CASH2,Range_10.2.88.84-85,51c5be54-65a0-51e7-f36f-f7b262a32a34,iprange,10.2.88.84,10.2.88.85,,,,I.CASH.Trust2,
CT03CASH2,Net_10.1.88.0,51d8c7ba-65a0-51e7-b251-127af86cf001,,,,10.1.88.0 255.255.255.0,,,I.CASH.Trust2,
CT03CASH2,Net_10.2.88.0,51e9710a-65a0-51e7-8a55-982d407ac3a4,,,,10.2.88.0 255.255.255.0,,,I.CASH.Trust2,
CT03CASH2,Host_192.168.188.225,523f2302-65a0-51e7-e907-05ec48687fe4,,,,192.168.188.225 255.255.255.255,,,E.UCN,
CT03CASH2,Net_10.90.25.0,525fcd14-65a0-51e7-0df7-da6316905940,,,,10.90.25.0 255.255.255.0,,,I.OAdmAPP,
CT03CASH2,Host_10.164.1.26,526082c2-65a0-51e7-b1aa-2f5ebe1b2582,,,,10.164.1.26 255.255.255.255,,,E.NMC,
CT03CASH2,Host_10.164.130.26,5271229e-65a0-51e7-0064-921eb4556058,,,,10.164.130.26 255.255.255.255,,,E.NMC,
CT03CASH2,Net_192.168.150.0,5281cc3e-65a0-51e7-e85e-935d6f4d2e3b,,,,192.168.150.0 255.255.255.0,,,E.UCN,
CT03CASH2,Net_192.168.188.0,529272c8-65a0-51e7-aff2-7034f16a3424,,,,192.168.188.0 255.255.255.0,,,E.UCN,
CT03CASH2,Net_192.168.182.0,52a319ca-65a0-51e7-bc8d-4c1a5e9f89d9,,,,192.168.182.0 255.255.255.0,,,E.UCN,
CT03CASH2,Net_192.168.166.0,52db59ac-65a0-51e7-aee1-93ef6a46b315,,,,192.168.166.0 255.255.255.0,,,E.UCN,
CT03CASH2,Net_192.168.93.0,52dbcc52-65a0-51e7-04a8-d27322eee023,,,,192.168.93.0 255.255.255.0,,,E.UCN,
CT03CASH2,Net_192.168.187.0,52dce47a-65a0-51e7-5df6-8844fe42699f,,,,192.168.187.0 255.255.255.0,,,E.UCN,
CT03CASH2,Host_192.168.150.94,52e5be60-65a0-51e7-6c0b-e6b56c805c89,,,,192.168.150.94 255.255.255.255,,,E.UCN,
CT03CASH2,Range_10.70.13.72-73,52f6694a-65a0-51e7-9f76-9567dbc21a88,iprange,10.70.13.72,10.70.13.73,,,,I.TOFAPP,
CT03CASH2,Host_10.70.13.73,53601df4-65a0-51e7-ef51-83c3e1a874ab,,,,10.70.13.73 255.255.255.255,,,I.TOFAPP,
CT03CASH2,Range_192.168.25.172-175,5360950e-65a0-51e7-b326-a8160163ba8f,iprange,192.168.25.172,192.168.25.175,,,,E.UCN,
CT03CASH2,Net_10.90.22.0,53ec2d9e-65a0-51e7-5ded-56d80150d80e,,,,10.90.22.0 255.255.255.0,,,I.OAdmWEB,
CT03CASH2,Host_192.168.224.6,558aba30-65a0-51e7-e710-0481ca7cee3c,,,,192.168.224.6 255.255.255.255,,,E.UCN,
CT03CASH2,Host_192.168.188.82,5a62d6a0-65a0-51e7-f71b-27ff63499d57,,,,192.168.188.82 255.255.255.255,,,E.UCN,
CT03CASH2,Range_192.168.190.249-251,5a634022-65a0-51e7-be35-1131528c7fdd,iprange,192.168.190.249,192.168.190.251,,,,E.UCN,
CT03CASH2,Range_10.1.95.35-36,5a645f20-65a0-51e7-c8b3-fbf94ec96b71,iprange,10.1.95.35,10.1.95.36,,,,I.CASH.Trust2,
CT03CASH2,Host_10.70.13.60,5a64d766-65a0-51e7-f802-03984c946e1d,,,,10.70.13.60 255.255.255.255,,,I.TOFAPP,
CT03CASH2,Host_192.168.25.87,5a654b06-65a0-51e7-e753-19d1d6f8ae76,,,,192.168.25.87 255.255.255.255,,,E.UCN,
CT03CASH2,Host_192.168.150.223,5a6635c0-65a0-51e7-5ada-f8c8d12ac89f,,,,192.168.150.223 255.255.255.255,,,E.UCN,
CT03CASH2,Host_192.168.224.38,5a66aaf0-65a0-51e7-dcd4-4b5ee99f1779,,,,192.168.224.38 255.255.255.255,,,E.UCN,
CT03CASH2,Host_10.193.49.21,5a6720ca-65a0-51e7-864c-8f665db62a6e,,,,10.193.49.21 255.255.255.255,,,E.UCN,
CT03CASH2,Net_192.168.198.0,5a679528-65a0-51e7-8aff-b8025b0a9b15,,,,192.168.198.0 255.255.255.0,,,E.UCN,
CT03CASH2,Range_192.168.150.96-97,5a68085a-65a0-51e7-f0dc-bf6f472e13eb,iprange,192.168.150.96,192.168.150.97,,,,E.UCN,
CT03CASH2,Host_192.168.176.81,5a6886d6-65a0-51e7-55f7-5dc7d380617c,,,,192.168.176.81 255.255.255.255,,,E.UCN,
CT03CASH2,Host_192.168.176.121,5a68fc42-65a0-51e7-0d2a-acd2dd85494a,,,,192.168.176.121 255.255.255.255,,,E.UCN,
CT03CASH2,Range_192.168.84.31-32,5a69724e-65a0-51e7-5f6d-2dad41ec544b,iprange,192.168.84.31,192.168.84.32,,,,E.UCN,
CT03CASH2,Host_192.168.30.31,5a69f048-65a0-51e7-3f85-16092c403ee5,,,,192.168.30.31 255.255.255.255,,,E.UCN,
CT03CASH2,Host_192.168.25.16,5a6a641a-65a0-51e7-4b2d-06cf62cb2a41,,,,192.168.25.16 255.255.255.255,,,E.UCN,
CT03CASH2,Host_192.168.3.151,5a6ad936-65a0-51e7-f34d-aa58f76d7e70,,,,192.168.3.151 255.255.255.255,,,E.UCN,
CT03CASH2,Range_192.168.25.231-232,5a6b4d62-65a0-51e7-cb68-5b19ad4366ce,iprange,192.168.25.231,192.168.25.232,,,,E.UCN,
CT03CASH2,Range_192.168.55.19-20,5a6bcd5a-65a0-51e7-e79c-37ac22cb38b6,iprange,192.168.55.19,192.168.55.20,,,,E.UCN,
CT03CASH2,Range_192.168.91.21-22,5a6c4b5e-65a0-51e7-dc53-d0cb38d514d5,iprange,192.168.91.21,192.168.91.22,,,,E.UCN,
CT03CASH2,Range_192.168.25.220-221,5a6cc980-65a0-51e7-221d-5efd13edae08,iprange,192.168.25.220,192.168.25.221,,,,E.UCN,
CT03CASH2,Host_192.168.188.22,5a6d4630-65a0-51e7-6e5a-ed9560b36d3c,,,,192.168.188.22 255.255.255.255,,,E.UCN,
CT03CASH2,Host_192.168.150.36,5a6dbaf2-65a0-51e7-2ae9-a1c47fd3e519,,,,192.168.150.36 255.255.255.255,,,E.UCN,
CT03CASH2,Range_192.168.188.25-26,5a6e316c-65a0-51e7-c90c-438323415f9b,iprange,192.168.188.25,192.168.188.26,,,,E.UCN,
CT03CASH2,Host_192.168.150.70,5a6eb1d2-65a0-51e7-5b10-710577a42845,,,,192.168.150.70 255.255.255.255,,,E.UCN,
CT03CASH2,Range_10.70.16.11-12,5a6f2a40-65a0-51e7-3843-a4a0235ea96e,iprange,10.70.16.11,10.70.16.12,,,,I.TOFAPP,
CT03CASH2,Host_192.168.239.11,5a6fa72c-65a0-51e7-96ea-40b0e4f10d91,,,,192.168.239.11 255.255.255.255,,,E.UCN,
CT03CASH2,Host_192.168.188.36,5a7018ec-65a0-51e7-6b2b-257ed851b6ac,,,,192.168.188.36 255.255.255.255,,,E.UCN,
CT03CASH2,Host_10.1.88.86,5a708df4-65a0-51e7-0d29-38f80379dbfd,,,,10.1.88.86 255.255.255.255,,,I.CASH.Trust2,
CT03CASH2,Host_10.65.85.3,5a70fc9e-65a0-51e7-ef8b-16f3cff28bb4,,,,10.65.85.3 255.255.255.255,,,E.TOF1,
CT03CASH2,Host_10.70.12.70,5a716b98-65a0-51e7-34cf-73c5c18a42f0,,,,10.70.12.70 255.255.255.255,,,I.TOFAPP,
CT03CASH2,Host_10.70.14.61,5a71de66-65a0-51e7-ad85-84ff28537130,,,,10.70.14.61 255.255.255.255,,,I.SATWEB,
CT03CASH2,Host_172.23.2.1,5a724e96-65a0-51e7-327f-a40e4a9683d5,,,,172.23.2.1 255.255.255.255,,,E.XSYS,
CT03CASH2,Host_192.168.150.225,5a72c1aa-65a0-51e7-b1fb-b42b26c1aeb6,,,,192.168.150.225 255.255.255.255,,,E.UCN,
CT03CASH2,Host_192.168.150.226,5a733a54-65a0-51e7-50c6-09ff0594bdf2,,,,192.168.150.226 255.255.255.255,,,E.UCN,
CT03CASH2,Host_192.168.150.230,5a73b42a-65a0-51e7-33b7-c72ec33dfc56,,,,192.168.150.230 255.255.255.255,,,E.UCN,
CT03CASH2,Host_192.168.188.226,5a742b3a-65a0-51e7-221c-d4e3d7dec553,,,,192.168.188.226 255.255.255.255,,,E.UCN,
CT03CASH2,Host_192.168.188.230,5a74a5ba-65a0-51e7-a017-b71791a60da6,,,,192.168.188.230 255.255.255.255,,,E.UCN,
CT03CASH2,Host_192.168.224.8,5a752620-65a0-51e7-25ee-9fa3ca4be353,,,,192.168.224.8 255.255.255.255,,,E.UCN,
CT03CASH2,Net_10.1.89.0,5a759cea-65a0-51e7-bee0-108080befc5b,,,,10.1.89.0 255.255.255.0,,,I.CASH.Trust2,
CT03CASH2,Net_10.1.95.0,5a760d6a-65a0-51e7-40df-a2b900e11d5b,,,,10.1.95.0 255.255.255.0,,,I.CASH.Trust2,
CT03CASH2,Net_10.1.96.0,5a767cbe-65a0-51e7-6eb8-bc4f0df04ea6,,,,10.1.96.0 255.255.255.0,,,I.CASH.Trust2,
CT03CASH2,Net_10.68.15.0,5a77ce52-65a0-51e7-26b5-4a6055cd8974,,,,10.68.15.0 255.255.255.0,,,E.OMDD4,
CT03CASH2,Net_10.70.2.0,5a783eb4-65a0-51e7-e202-7c3eb90abeb2,,,,10.70.2.0 255.255.255.0,,,I.TOFAPP,
CT03CASH2,Net_10.70.3.0,5a78b42a-65a0-51e7-8522-6861ff8772bc,,,,10.70.3.0 255.255.255.0,,,I.TOFAPP,
CT03CASH2,Net_10.70.6.0,5a792784-65a0-51e7-48ca-a8b49e29ebe9,,,,10.70.6.0 255.255.255.0,,,I.TOFAPP,
CT03CASH2,Range_10.70.12.101-102,5a7a8610-65a0-51e7-48c5-6419306a4dfc,iprange,10.70.12.101,10.70.12.102,,,,I.TOFAPP,
CT03CASH2,Range_10.70.12.1-2,5a7b0644-65a0-51e7-4b8b-2a56d3a108dd,iprange,10.70.12.1,10.70.12.2,,,,I.TOFAPP,
CT03CASH2,Range_10.70.12.30-34,5a7b82b8-65a0-51e7-4dc5-263c4807f434,iprange,10.70.12.30,10.70.12.34,,,,I.TOFAPP,
CT03CASH2,Range_10.70.12.31-34,5a7c0210-65a0-51e7-e52e-d3a7436782c1,iprange,10.70.12.31,10.70.12.34,,,,I.TOFAPP,
CT03CASH2,Range_10.70.12.33-34,5a7c8460-65a0-51e7-90a7-efb120143c1c,iprange,10.70.12.33,10.70.12.34,,,,I.TOFAPP,
CT03CASH2,Range_10.70.12.80-81,5a7d0566-65a0-51e7-7a1a-3d75b38f2d45,iprange,10.70.12.80,10.70.12.81,,,,I.TOFAPP,
CT03CASH2,Range_10.70.14.51-52,5a7d8248-65a0-51e7-2135-0b87ebccb64e,iprange,10.70.14.51,10.70.14.52,,,,I.SATWEB,
CT03CASH2,Range_10.70.2.101-102,5a7e0204-65a0-51e7-4db7-40c735872029,iprange,10.70.2.101,10.70.2.102,,,,I.TOFAPP,
CT03CASH2,Range_10.70.2.31-34,5a7efb3c-65a0-51e7-a1d9-32651a8d5260,iprange,10.70.2.31,10.70.2.34,,,,I.TOFAPP,
CT03CASH2,Range_10.70.2.33-34,5a7f7a08-65a0-51e7-a9de-eea02828fc00,iprange,10.70.2.33,10.70.2.34,,,,I.TOFAPP,
CT03CASH2,Range_10.70.2.80-81,5a7ff88e-65a0-51e7-3b88-49c4b80b6a48,iprange,10.70.2.80,10.70.2.81,,,,I.TOFAPP,
CT03CASH2,Range_10.70.3.101-102,5a8077f0-65a0-51e7-a306-263e085cbe93,iprange,10.70.3.101,10.70.3.102,,,,I.TOFAPP,
CT03CASH2,Range_10.70.3.72-73,5a80f8e2-65a0-51e7-d178-8c75d08bd73a,iprange,10.70.3.72,10.70.3.73,,,,I.TOFAPP,
CT03CASH2,Range_10.70.4.101-102,5a81759c-65a0-51e7-df72-736329349404,iprange,10.70.4.101,10.70.4.102,,,,I.SATWEB,
CT03CASH2,Host_10.164.129.42,45e0c98e-65a1-51e7-4a21-cfab296a8cc2,,,,10.164.129.42 255.255.255.255,,,E.NMC,
CT03CASH2,Range_10.70.2.1-2,ac88d2fc-65a2-51e7-d7dd-605849cdbaec,iprange,10.70.2.1,10.70.2.2,,,,I.TOFAPP,
CT03CASH2,Range_10.70.5.101-102,c8d03f2c-65a2-51e7-ed84-91fc17fe6272,iprange,10.70.5.101,10.70.5.102,,,,I.SATWEB,
CT03CASH2,Range_10.70.14.61-63,d86025ce-65a2-51e7-7ccb-c8ea112fc129,iprange,10.70.14.61,10.70.14.63,,,,I.SATWEB,
CT03CASH2,Host_10.1.150.21_TOF1,ed983b3e-677d-51e7-9d91-0aadfadbdca9,,,,10.1.150.21 255.255.255.255,,,E.TOF1,
CT03CASH2,Host_10.1.90.86,eda8e59c-677d-51e7-d46e-aed2de7f76cb,,,,10.1.90.86 255.255.255.255,,,I.CASH.Trust2,OMDC RTS server3
CT03CASH2,Host_10.163.143.219,edb98ed8-677d-51e7-022d-cc7b7ccaf9cd,,,,10.163.143.219 255.255.255.255,,,E.NMC,
CT03CASH2,Host_10.3.11.51,eddae286-677d-51e7-f079-6ce2822da084,,,,10.3.11.51 255.255.255.255,,,E.TOF1,
CT03CASH2,Host_10.3.12.51,edeb885c-677d-51e7-6341-39af522d7a07,,,,10.3.12.51 255.255.255.255,,,E.TOF1,
CT03CASH2,Host_10.3.19.51,edfc5e0c-677d-51e7-3db9-788f05347b8c,,,,10.3.19.51 255.255.255.255,,,E.TOF1,
CT03CASH2,Host_10.3.21.51,ee0cdafc-677d-51e7-81e7-8fef3434bf21,,,,10.3.21.51 255.255.255.255,,,E.TOF1,
CT03CASH2,Host_10.3.22.51,ee1dd3d4-677d-51e7-e12b-dbc6c461cc48,,,,10.3.22.51 255.255.255.255,,,E.TOF1,
CT03CASH2,Host_10.3.29.51,ee2e7fc2-677d-51e7-ede0-37f0d2cd03df,,,,10.3.29.51 255.255.255.255,,,E.TOF1,
CT03CASH2,Host_10.63.107.100,ee3f25b6-677d-51e7-009f-b61525277e88,,,,10.63.107.100 255.255.255.255,,,E.TOF1,
CT03CASH2,Host_10.63.107.101,ee4fd190-677d-51e7-429c-b5144512ee74,,,,10.63.107.101 255.255.255.255,,,E.TOF1,
CT03CASH2,Host_10.63.107.108,ee607c20-677d-51e7-7d66-65064578fedc,,,,10.63.107.108 255.255.255.255,,,E.TOF1,
CT03CASH2,Host_10.63.91.11,ee7123b8-677d-51e7-2471-694ed3cc41f1,,,,10.63.91.11 255.255.255.255,,,E.TOF1,
CT03CASH2,Host_10.65.69.1,ee81c9d4-677d-51e7-cb40-effece71e594,,,,10.65.69.1 255.255.255.255,,,E.TOF1,
CT03CASH2,Host_10.65.69.2,ee9274b4-677d-51e7-9498-23b99a38dd4d,,,,10.65.69.2 255.255.255.255,,,E.TOF1,
CT03CASH2,Host_10.65.85.1,eea31ddc-677d-51e7-951c-667d0989571d,,,,10.65.85.1 255.255.255.255,,,E.TOF1,
CT03CASH2,Host_10.70.12.86,eeb3ec7a-677d-51e7-8627-d294a7fb5420,,,,10.70.12.86 255.255.255.255,,,I.TOFAPP,
CT03CASH2,Host_10.70.13.70,eec495de-677d-51e7-7eb6-c63f6e7963db,,,,10.70.13.70 255.255.255.255,,,I.TOFAPP,
CT03CASH2,Host_10.70.16.12,eed53e7a-677d-51e7-4d75-5538d79c62b3,,,,10.70.16.12 255.255.255.255,,,I.TOFAPP,
CT03CASH2,Host_10.70.3.61,eee5e98c-677d-51e7-b4d0-c91792764243,,,,10.70.3.61 255.255.255.255,,,I.TOFAPP,
CT03CASH2,Host_10.70.4.61,eef69192-677d-51e7-343e-defa7f090951,,,,10.70.4.61 255.255.255.255,,,I.SATWEB,
CT03CASH2,Host_10.70.6.12,ef073a38-677d-51e7-2c50-f4ffaee8cb20,,,,10.70.6.12 255.255.255.255,,,I.TOFAPP,
CT03CASH2,Host_159.220.180.3,ef17e590-677d-51e7-6d1a-baa16cdbdd9f,,,,159.220.180.3 255.255.255.255,,,E.TOF1,
CT03CASH2,Host_192.168.143.82,ef2891e2-677d-51e7-a639-84e203f5cded,,,,192.168.143.82 255.255.255.255,,,E.UCN,
CT03CASH2,Host_192.168.143.84,ef393970-677d-51e7-16da-84928b3a3c8e,,,,192.168.143.84 255.255.255.255,,,E.UCN,
CT03CASH2,Host_192.168.150.227,ef49e40a-677d-51e7-5624-c281bed83982,,,,192.168.150.227 255.255.255.255,,,E.UCN,
CT03CASH2,Host_192.168.150.234,ef5ab1d6-677d-51e7-37f6-e275992e2917,,,,192.168.150.234 255.255.255.255,,,E.UCN,
CT03CASH2,Host_192.168.176.80,ef6b59dc-677d-51e7-7b86-7f51b37db738,,,,192.168.176.80 255.255.255.255,,,E.UCN,
CT03CASH2,Host_192.168.214.6,ef7c02d2-677d-51e7-d63d-d9db9c124446,,,,192.168.214.6 255.255.255.255,,,E.UCN,
CT03CASH2,Host_67.56.151.9,ef8cace0-677d-51e7-25c1-6d21899c03c6,,,,67.56.151.9 255.255.255.255,,,E.TOF1,
CT03CASH2,Host_67.57.180.12,ef9d561c-677d-51e7-151d-ec00349c8323,,,,67.57.180.12 255.255.255.255,,,E.TOF1,
CT03CASH2,Net_10.1.121.0,efae0246-677d-51e7-c0ac-eb0f5097e04e,,,,10.1.121.0 255.255.255.0,,,E.TOF1,
CT03CASH2,Net_10.1.122.0,efbea7ea-677d-51e7-bd80-074dae0d1064,,,,10.1.122.0 255.255.255.0,,,E.TOF1,
CT03CASH2,Net_10.1.141.0,eff0a52e-677d-51e7-ae9a-8f013a3783d5,,,,10.1.141.0 255.255.255.0,,,I.TOFAPP,
CT03CASH2,Net_10.2.122.0,f0014be0-677d-51e7-d086-324bd8033442,,,,10.2.122.0 255.255.255.0,,,E.TOF1,
CT03CASH2,Net_10.2.90.0,f0261dd0-677d-51e7-c33c-47524593f7a3,,,,10.2.90.0 255.255.255.0,,,I.CASH.Trust2,
CT03CASH2,Net_10.2.93.0,f0334870-677d-51e7-ef09-f6b2fec6240c,,,,10.2.93.0 255.255.255.0,,,I.CASH.Trust2,
CT03CASH2,Net_10.4.51.136/29,f043f814-677d-51e7-a0a3-9410c82e5667,,,,10.4.51.136 255.255.255.248,,,E.TOF1,
CT03CASH2,Net_10.4.51.240/29,f054ae5c-677d-51e7-118a-e95b70eae465,,,,10.4.51.240 255.255.255.248,,,E.TOF1,
CT03CASH2,Net_10.63.107.0,f0654514-677d-51e7-93c4-16f319205c9b,,,,10.63.107.0 255.255.255.0,,,E.TOF1,
CT03CASH2,Net_10.63.134.0,f075eefa-677d-51e7-cac1-e01fb1f7043b,,,,10.63.134.0 255.255.255.0,,,E.TOF1,ESQ One IAN subnet
CT03CASH2,Net_10.63.136.0/22,f086e52a-677d-51e7-2fcf-9a68a3996e21,,,,10.63.136.0 255.255.252.0,,,E.TOF1,
CT03CASH2,Net_10.63.140.0,f0978d30-677d-51e7-fe6c-f75b843d7bf7,,,,10.63.140.0 255.255.255.0,,,E.TOF1,ESQ 6/F IAN Subnet 2
CT03CASH2,Net_10.65.25.0,f0a83644-677d-51e7-ee0e-884a479f5e1c,,,,10.65.25.0 255.255.255.0,,,E.TOF1,
CT03CASH2,Net_10.65.48.0,f0b8e098-677d-51e7-7464-c5bc18d03f57,,,,10.65.48.0 255.255.255.0,,,E.TOF1,
CT03CASH2,Net_10.70.14.0,f0c989de-677d-51e7-aaaf-8cebe375731e,,,,10.70.14.0 255.255.255.0,,,I.SATWEB,
CT03CASH2,Net_10.70.5.0,f0da3220-677d-51e7-d5aa-e4403ac4bab5,,,,10.70.5.0 255.255.255.0,,,I.TOFAPP,
CT03CASH2,Net_192.168.0.0/16,f0eadd96-677d-51e7-4b00-272d3501fcc3,,,,192.168.0.0 255.255.0.0,,,E.UCN,
CT03CASH2,Range_10.1.121.43-44,f0fb89fc-677d-51e7-948f-fe20780ce063,iprange,10.1.121.43,10.1.121.44,,,,E.TOF1,
CT03CASH2,Range_10.1.131.11-12,f134f570-677d-51e7-d0fe-b7815394ed07,iprange,10.1.131.11,10.1.131.12,,,,E.TOF1,
CT03CASH2,Range_10.1.141.10-30,f14801ec-677d-51e7-2364-aed8bf2cb282,iprange,10.1.141.10,10.1.141.30,,,,E.OCG,
CT03CASH2,Range_10.70.12.101-105,f15b08a0-677d-51e7-2ee1-ebb0dd6e3d93,iprange,10.70.12.101,10.70.12.105,,,,I.TOFAPP,
CT03CASH2,Range_10.70.12.30-32,f1782552-677d-51e7-a82b-0c80b93965e1,iprange,10.70.12.30,10.70.12.32,,,,I.TOFAPP,
CT03CASH2,Range_10.70.12.31-32,f18124f4-677d-51e7-1c41-ed2cc34bce09,iprange,10.70.12.31,10.70.12.32,,,,I.TOFAPP,
CT03CASH2,Range_10.70.12.82-83,f1942c5c-677d-51e7-677a-94aa449a557d,iprange,10.70.12.82,10.70.12.83,,,,I.TOFAPP,
CT03CASH2,Range_10.70.12.87-88,f1a7361c-677d-51e7-763f-8af200c97b8d,iprange,10.70.12.87,10.70.12.88,,,,I.TOFAPP,
CT03CASH2,Range_10.70.13.61-62,f1ba400e-677d-51e7-3e1b-7c2af64d1637,iprange,10.70.13.61,10.70.13.62,,,,I.TOFAPP,
CT03CASH2,Range_10.70.13.61-63,f1cd4e7e-677d-51e7-dee5-55f9ac4e073f,iprange,10.70.13.61,10.70.13.63,,,,I.TOFAPP,
CT03CASH2,Range_10.70.13.61-64,f1e051ea-677d-51e7-0e3b-bda313a183e4,iprange,10.70.13.61,10.70.13.64,,,,I.TOFAPP,
CT03CASH2,Range_10.70.13.63-64,f1f36744-677d-51e7-a4e0-99010c3d9bf3,iprange,10.70.13.63,10.70.13.64,,,,I.TOFAPP,
CT03CASH2,Range_10.70.13.71-73,f2066c68-677d-51e7-d3d0-e29c4937d4ac,iprange,10.70.13.71,10.70.13.73,,,,I.TOFAPP,
CT03CASH2,Range_10.70.15.51-52,f219752e-677d-51e7-cb63-a1c8ba2c90ca,iprange,10.70.15.51,10.70.15.52,,,,I.SATWEB,
CT03CASH2,Range_10.70.15.61-63,f22c7e6c-677d-51e7-9206-bbea147fe37c,iprange,10.70.15.61,10.70.15.63,,,,I.SATWEB,
CT03CASH2,Range_10.70.2.30-32,f23f88b8-677d-51e7-df3b-e29a2278dad5,iprange,10.70.2.30,10.70.2.32,,,,I.TOFAPP,
CT03CASH2,Range_10.70.2.30-34,f2529b60-677d-51e7-4054-2df20c4ba24b,iprange,10.70.2.30,10.70.2.34,,,,I.TOFAPP,
CT03CASH2,Range_10.70.2.31-32,f2659b66-677d-51e7-d934-4f390f2b0a33,iprange,10.70.2.31,10.70.2.32,,,,I.TOFAPP,
CT03CASH2,Range_10.70.2.72-73,f278ae0e-677d-51e7-a338-1aa85780e0a2,iprange,10.70.2.72,10.70.2.73,,,,I.TOFAPP,
CT03CASH2,Range_10.70.2.82-83,f28bb0d0-677d-51e7-f99c-252ee7f44e44,iprange,10.70.2.82,10.70.2.83,,,,I.TOFAPP,
CT03CASH2,Range_10.70.2.87-88,f29ebd38-677d-51e7-f9ac-a815b176d58e,iprange,10.70.2.87,10.70.2.88,,,,I.TOFAPP,
CT03CASH2,Range_10.70.3.63-64,f2ca7c7a-677d-51e7-2dee-178ae854a6d0,iprange,10.70.3.63,10.70.3.64,,,,I.TOFAPP,
CT03CASH2,Range_192.168.150.225-226,f2cb0a5a-677d-51e7-292c-32e77d0fada5,iprange,192.168.150.225,192.168.150.226,,,,E.UCN,
CT03CASH2,Range_192.168.150.229-230,f2d7e2fc-677d-51e7-a87c-34ee6cb2bec0,iprange,192.168.150.229,192.168.150.230,,,,E.UCN,
CT03CASH2,Range_206.60.222.98-99,f2eaec9e-677d-51e7-c0a9-34a4987b1754,iprange,206.60.222.98,206.60.222.99,,,,E.TOF1,
CT03CASH2,Range_75.124.44.80-81,f2fdf91a-677d-51e7-056b-197cd3c49419,iprange,75.124.44.80,75.124.44.81,,,,E.TOF1,
CT03CASH2,Net_10.2.95.0,198933a0-6865-51e7-612c-44d2b54b9c19,,,,10.2.95.0 255.255.255.0,,,I.CASH.Trust2,
CT03CASH2,Net_10.2.96.0,2322694a-6865-51e7-128d-de4ad92b3850,,,,10.2.96.0 255.255.255.0,,,I.CASH.Trust2,
CT03CASH2,Net_10.1.94.104_29,116848a4-6866-51e7-06c7-c55e39268b5c,,,,10.1.94.104 255.255.255.248,,,E.OCG,
CT03CASH2,Net_10.2.94.104_29,1ac2cd7a-6866-51e7-a8b4-31eff9993e9a,,,,10.2.94.104 255.255.255.248,,,E.OCG,
CT03CASH2,Range_10.1.131.21-22,3374f964-68a3-51e7-81a9-40e8b1790458,iprange,10.1.131.21,10.1.131.22,,,,E.TOF1,
CT03CASH2,Host_192.168.93.239,8c83d714-68a3-51e7-da4c-f39dfc8bb15c,,,,192.168.93.239 255.255.255.255,,,E.UCN,
CT03CASH2,Host_192.168.187.19,ac76cdb0-68a3-51e7-3ff4-b2bc2b6f72c0,,,,192.168.187.19 255.255.255.255,,,E.UCN,
CT03CASH2,Host_192.168.166.159,211b2d74-68b2-51e7-bd26-b901acfe5422,,,,192.168.166.159 255.255.255.255,,,E.UCN,
CT03CASH2,Range_192.168.150.131-132,212bd124-68b2-51e7-fdec-a60a007ca850,iprange,192.168.150.131,192.168.150.132,,,,E.UCN,
CT03CASH2,Range_192.168.25.86-87,2151e044-68b2-51e7-f8ce-d82d7fb4b6d4,iprange,192.168.25.86,192.168.25.87,,,,E.UCN,
CT03CASH2,Host_192.168.30.65,2162876e-68b2-51e7-fc6b-32b2be695833,,,,192.168.30.65 255.255.255.255,,,E.UCN,
CT03CASH2,Host_192.168.3.105,217331ea-68b2-51e7-9e66-ab50f4dae1db,,,,192.168.3.105 255.255.255.255,,,E.UCN,
CT03CASH2,Host_192.168.150.109,2183daea-68b2-51e7-8577-e18bc8f4ee86,,,,192.168.150.109 255.255.255.255,,,E.UCN,
CT03CASH2,Host_192.168.214.7,21a52cea-68b2-51e7-8d00-144632fabbc1,,,,192.168.214.7 255.255.255.255,,,E.UCN,
CT03CASH2,Host_192.168.150.245,21b5da0e-68b2-51e7-41ac-f65691cc710b,,,,192.168.150.245 255.255.255.255,,,E.UCN,
CT03CASH2,Host_192.168.190.242,21c885b4-68b2-51e7-26a0-20888a2e65de,,,,192.168.190.242 255.255.255.255,,,E.UCN,
CT03CASH2,Host_192.168.25.59,21d728c6-68b2-51e7-c34e-45c6aac971ca,,,,192.168.25.59 255.255.255.255,,,E.UCN,
CT03CASH2,Range_192.168.21.136-137,21fadfb4-68b2-51e7-ba62-3fe75fd727d6,iprange,192.168.21.136,192.168.21.137,,,,E.UCN,
CT03CASH2,Host_192.168.53.101,220de988-68b2-51e7-ca30-40b7578fdf04,,,,192.168.53.101 255.255.255.255,,,E.UCN,
CT03CASH2,Range_192.168.166.53-54,221e91d4-68b2-51e7-56a4-f1480078a5f9,iprange,192.168.166.53,192.168.166.54,,,,E.UCN,
CT03CASH2,Range_192.168.150.140-141,2252f01e-68b2-51e7-9f21-b52ddfee54af,iprange,192.168.150.140,192.168.150.141,,,,E.UCN,
CT03CASH2,Range_192.168.190.229-230,2275696e-68b2-51e7-27c1-a2042dadec34,iprange,192.168.190.229,192.168.190.230,,,,E.UCN,
CT03CASH2,Host_192.168.25.84,22790d08-68b2-51e7-6490-e48407c30641,,,,192.168.25.84 255.255.255.255,,,E.UCN,
CT03CASH2,Range_192.168.214.6-7,22ab00b0-68b2-51e7-262d-d0557b26811c,iprange,192.168.214.6,192.168.214.7,,,,E.UCN,
CT03CASH2,Host_10.70.16.208,22e41e90-68b2-51e7-eec0-447f444935d1,,,,10.70.16.208 255.255.255.255,,,I.TOFAPP,
CT03CASH2,Net_192.168.143.0,22f4c72c-68b2-51e7-2cef-1cf8ed0cfcc6,,,,192.168.143.0 255.255.255.0,,,E.UCN,
CT03CASH2,Net_192.168.164.0,231d21fe-68b2-51e7-d77b-1b0e059196da,,,,192.168.164.0 255.255.255.0,,,E.UCN,
CT03CASH2,Net_192.168.190.0,2326c3d0-68b2-51e7-33b9-8bdd174ac251,,,,192.168.190.0 255.255.255.0,,,E.UCN,
CT03CASH2,Net_192.168.189.0,23376c58-68b2-51e7-2820-1751fec44123,,,,192.168.189.0 255.255.255.0,,,E.UCN,
CT03CASH2,Host_192.168.150.57,23813568-68b2-51e7-90fd-15dd5f02580f,,,,192.168.150.57 255.255.255.255,,,E.UCN,
CT03CASH2,Range_10.1.88.45-50,2391def4-68b2-51e7-7c33-fa924f906ec6,iprange,10.1.88.45,10.1.88.50,,,,I.CASH.Trust2,
CT03CASH2,Host_192.168.150.50,23dc612c-68b2-51e7-8d59-fd9f64dec64f,,,,192.168.150.50 255.255.255.255,,,E.UCN,
CT03CASH2,Host_192.168.150.54,23dcd8be-68b2-51e7-d427-d321651d7743,,,,192.168.150.54 255.255.255.255,,,E.UCN,
CT03CASH2,Host_192.168.188.24,24e174e0-68b2-51e7-fbcd-dbe5cd5853b9,,,,192.168.188.24 255.255.255.255,,,E.UCN,
CT03CASH2,Host_10.1.93.51,9bdd4274-6c57-51e7-8bd2-6c14df5c8981,,,,10.1.93.51 255.255.255.255,,,I.CASH.Trust2,OCG CMPC 2
CT03CASH2,Range_10.1.93.11-40,222de24c-6c59-51e7-0c63-0aef416b1f0c,iprange,10.1.93.11,10.1.93.40,,,,I.CASH.Trust2,OCG primary servers
CT03CASH2,Range_10.1.90.82-83,2246e1d4-6c59-51e7-0aaf-94818bdbe15a,iprange,10.1.90.82,10.1.90.83,,,,I.CASH.Trust2,OMDC RTS server1-2
CT03CASH2,Host_10.1.90.241,225a6af6-6c59-51e7-a735-d43431cc8876,,,,10.1.90.241 255.255.255.255,,,I.CASH.Trust2,OMDC RTS ManWS
CT03CASH2,Range_10.1.90.94-95,2269d432-6c59-51e7-1a0b-854364c26cc5,iprange,10.1.90.94,10.1.90.95,,,,I.CASH.Trust2,OMDCC RTS server1-2
CT03CASH2,Host_10.1.93.231,228e7422-6c59-51e7-4538-321965b8d45d,,,,10.1.93.231 255.255.255.255,,,I.CASH.Trust2,OCG CMPC 1
CT03CASH2,Host_10.1.93.20,22afddd8-6c59-51e7-7a11-a3a97ef3caa6,,,,10.1.93.20 255.255.255.255,,,I.CASH.Trust2,OCG primary ofs10
CT03CASH2,Net_10.80.11.0,6fe57672-6d02-51e7-ad72-d6f8464038a6,,,,10.80.11.0 255.255.255.0,,,I.OMC,
CT03CASH2,Net_10.80.1.0,7c697e7a-6d02-51e7-33e0-ad210b8e0543,,,,10.80.1.0 255.255.255.0,,,I.OMC,
CT03CASH2,Range_10.90.22.41-42,f9052efc-6ded-51e7-3e02-a5f34fbfe17e,iprange,10.90.22.41,10.90.22.42,,,,I.OAdmWEB,
CT03CASH2,Range_10.90.20.39-40,10e8416c-6dee-51e7-8b47-360d3826272d,iprange,10.90.20.39,10.90.20.40,,,,I.OAdmAPP,
CT03CASH2,Range_10.90.21.41-42,25f78130-6dee-51e7-2449-ae96ed5cb31e,iprange,10.90.21.41,10.90.21.42,,,,I.OAdmWEB,
CT03CASH2,Range_10.80.11.17-18,44e6bf3e-6dee-51e7-2764-14d26a905bf1,iprange,10.80.11.17,10.80.11.18,,,,I.OMC,
CT03CASH2,Range_10.80.11.131-132,56a77ace-6dee-51e7-14cc-0cbe78f5a9c3,iprange,10.80.11.131,10.80.11.132,,,,I.OMC,
CT03CASH2,Net_10.90.20.0,f8023c5a-6def-51e7-90c6-8a323d341a51,,,,10.90.20.0 255.255.255.0,,,I.OAdmAPP,
CT03CASH2,Net_10.70.4.0,21f3ab2a-6df0-51e7-c5c0-603b2c9a8140,,,,10.70.4.0 255.255.255.0,,,I.SATWEB,
CT03CASH2,Net_10.90.21.0,390ee324-6df0-51e7-1913-ed7ba2e923f9,,,,10.90.21.0 255.255.255.0,,,I.OAdmWEB,
CT03CASH2,Range_10.91.20.39-40,10cd0fa6-6df2-51e7-a4fe-f01f1d91e8ab,iprange,10.91.20.39,10.91.20.40,,,,I.OAdmAPP,
CT03CASH2,Net_10.91.20.0,32ed3458-6df2-51e7-1f49-c1228d767a68,,,,10.91.20.0 255.255.255.0,,,I.OAdmAPP,
CT03CASH2,Range_10.2.90.82-83,5e494ca4-6df2-51e7-2c63-f0d0f12c8c7b,iprange,10.2.90.82,10.2.90.83,,,,I.CASH.Trust2,OMDC RTS server1-2
CT03CASH2,Range_10.70.2.61-62,8082d646-6df2-51e7-6c9a-e78ff31db337,iprange,10.70.2.61,10.70.2.62,,,,I.TOFAPP,
CT03CASH2,Range_10.70.12.61-62,97d239ea-6df2-51e7-a926-2c8c984650da,iprange,10.70.12.61,10.70.12.62,,,,I.TOFAPP,
CT03CASH2,Range_10.70.2.21-22,4cf06d6a-6df8-51e7-e250-094d90c4e648,iprange,10.70.2.21,10.70.2.22,,,,I.TOFAPP,
CT03CASH2,Range_10.70.12.21-22,5dd60bee-6df8-51e7-220c-9197a094eb97,iprange,10.70.12.21,10.70.12.22,,,,I.TOFAPP,
CT03CASH2,Net_10.1.101.0,54c31728-710d-51e7-3e93-cca7b7b1df3f,,,,10.1.101.0 255.255.255.0,,,E.CSC3,CSC
CT03CASH2,Net_10.1.102.0,69c047cc-710d-51e7-6ae3-ea7f130b17b9,,,,10.1.102.0 255.255.255.0,,,E.CSC3,CSC
CT03CASH2,Net_10.1.103.0,747b48e2-710d-51e7-1ad9-5217908d443c,,,,10.1.103.0 255.255.255.0,,,E.CSC3,CSC
CT03CASH2,Net_10.2.101.0,820b5d3a-710d-51e7-7ab1-d8f856b668bb,,,,10.2.101.0 255.255.255.0,,,E.CSC3,CSC
CT03CASH2,Net_10.2.102.0,8f293e10-710d-51e7-a73f-8c095cdbd33a,,,,10.2.102.0 255.255.255.0,,,E.CSC3,CSC
CT03CASH2,Net_10.2.103.0,9ba271ac-710d-51e7-f97f-b965dd025f05,,,,10.2.103.0 255.255.255.0,,,E.CSC3,CSC
CT03CASH2,Range_10.1.89.84-85,b59c376e-710d-51e7-e71a-245539fea2e0,iprange,10.1.89.84,10.1.89.85,,,,I.CASH.Trust2,pomdrfs001-2 mc2tcp
CT03CASH2,Range_10.2.89.84-85,cfc73c56-710d-51e7-1b3e-0db6323e93cc,iprange,10.2.89.84,10.2.89.85,,,,I.CASH.Trust2,somdrfs001-2 mc2tcp
CT03CASH2,Host_10.1.88.31,e11b6932-710d-51e7-8e5f-d2510de5e48b,,,,10.1.88.31 255.255.255.255,,,I.CASH.Trust2,OMDC MTR PC
CT03CASH2,Range_10.1.88.80-86,044db5f4-710e-51e7-9a99-fe0c60b2ae42,iprange,10.1.88.80,10.1.88.86,,,,I.CASH.Trust2,
CT03CASH2,Range_10.2.88.80-85,13b5f51a-710e-51e7-57e3-d5556936a825,iprange,10.2.88.80,10.2.88.85,,,,I.CASH.Trust2,
CT03CASH2,Range_10.1.89.87-88,247c3f12-710e-51e7-29c2-c043a1b6d2ff,iprange,10.1.89.87,10.1.89.88,,,,I.CASH.Trust2,ptofapp004-5 data
CT03CASH2,Range_10.1.101.1-2,b721ccfe-7110-51e7-922d-0cd7f31dff0b,iprange,10.1.101.1,10.1.101.2,,,,E.CSC3,
CT03CASH2,Range_10.2.101.1-2,c5d1a3dc-7110-51e7-a8bb-3e6754d6bf38,iprange,10.2.101.1,10.2.101.2,,,,E.CSC3,
CT03CASH2,Host_10.1.103.10,f4027ca0-7114-51e7-ac63-999c653658c8,,,,10.1.103.10 255.255.255.255,,,E.CSC3,
CT03CASH2,Host_10.2.103.10,004ef40c-7115-51e7-621e-146e757c4e2a,,,,10.2.103.10 255.255.255.255,,,E.CSC3,
CT03CASH2,Host_10.1.88.78,586135b0-7115-51e7-8fc3-b6bf9eb81e99,,,,10.1.88.78 255.255.255.255,,,I.CASH.Trust2,
CT03CASH2,Host_172.22.8.4,f5375a82-727c-51e7-b20d-8aad63146e20,,,,172.22.8.4 255.255.255.255,,,E.XSYS,
CT03CASH2,Host_192.168.110.23,682219f6-727d-51e7-ed6a-f5a0543ee7f8,,,,192.168.110.23 255.255.255.255,,,E.UCN,
CT03CASH2,Range_192.168.7.23-24,829aa4ba-727d-51e7-fc9f-d1abd2e8cdcf,iprange,192.168.7.23,192.168.7.24,,,,E.UCN,
CT03CASH2,Host_10.163.145.41,d9bda38c-727d-51e7-5e7f-0e29f9a3b5b4,,,,10.163.145.41 255.255.255.255,,,E.OCG,
CT03CASH2,Range_10.1.95.33-34,0659dc4e-727e-51e7-a32e-7c7877fbbf01,iprange,10.1.95.33,10.1.95.34,,,,I.CASH.Trust2,
CT03CASH2,Host_10.1.150.20,39752024-741e-51e7-de65-f0e7c3c62b09,,,,10.1.150.20 255.255.255.255,,,E.SMARTS,
CT03CASH2,Host_10.1.150.21,46480802-741e-51e7-2dbd-20a64fe340e0,,,,10.1.150.21 255.255.255.255,,,E.SMARTS,
CT03CASH2,Host_10.1.94.117,89b72bc4-744e-51e7-c2f0-52ffa4e382fd,,,,10.1.94.117 255.255.255.255,,,I.CASH.Trust2,
CT03CASH2,Host_10.1.94.118,a27fba36-744e-51e7-5698-70db0840fd1e,,,,10.1.94.118 255.255.255.255,,,I.CASH.Trust2,
CT03CASH2,Net_10.1.150.0,9633d722-7970-51e7-ab5c-1454c6f387fc,,,,10.1.150.0 255.255.255.0,,,E.SMARTS,SMARTS
CT03CASH2,Host_10.2.90.241,b216e52c-7972-51e7-4652-720e77de67cc,,,,10.2.90.241 255.255.255.255,,,I.CASH.Trust2,CASH
CT03CASH2,Host_10.68.11.11,1d9749b4-7986-51e7-5089-51cbbfbee44b,,,,10.68.11.11 255.255.255.255,,,E.OMDD4,pomdctu001 data
CT03CASH2,Host_10.1.90.101,42ff7c6c-7986-51e7-8591-60747110972c,,,,10.1.90.101 255.255.255.255,,,I.CASH.Trust2,pomdclt001 data
CT03CASH2,Host_10.2.90.101,4ee0f704-7986-51e7-3390-4e5ba3f1077f,,,,10.2.90.101 255.255.255.255,,,I.CASH.Trust2,somdclt001 data
CT03CASH2,Net_10.68.11.0,558564ae-7987-51e7-2a86-3e6a44d96298,,,,10.68.11.0 255.255.255.0,,,E.OMDD4,
CT03CASH2,Range_10.1.102.1-2,daf982c6-7989-51e7-6699-62a5216269df,iprange,10.1.102.1,10.1.102.2,,,,E.CSC3,
CT03CASH2,Range_10.2.102.1-2,f3f55ba6-7989-51e7-aa97-6ac26ff8b419,iprange,10.2.102.1,10.2.102.2,,,,E.CSC3,
CT03CASH2,Host_10.1.106.11,8160b464-798e-51e7-8282-0d11f093728f,,,,10.1.106.11 255.255.255.255,,,E.CSC3,MMDH
CT03CASH2,Host_10.1.89.70,aefb6072-798e-51e7-1839-8cfa8cb24647,,,,10.1.89.70 255.255.255.255,,,I.CASH.Trust2,pomdplt001
CT03CASH2,Host_10.1.107.11,6c452f96-798f-51e7-f671-4d0dc07d643f,,,,10.1.107.11 255.255.255.255,,,E.CSC3,MMDH mgt
CT03CASH2,Host_10.1.88.70,87f0a068-798f-51e7-9865-43001d2a05ca,,,,10.1.88.70 255.255.255.255,,,I.CASH.Trust2,
CT03CASH2,OMDD_PCCW_WAN,d0d12076-79b9-51e7-df34-7618f41126db,,,,10.155.0.0 255.255.0.0,,,E.OMDD4,
CT03CASH2,OMDD_HGC_WAN,e1b61888-79b9-51e7-bc38-4d8af032bdc7,,,,10.156.0.0 255.255.0.0,,,E.OMDD4,
CT03CASH2,OMDD_WTT_WAN,f1b56c70-79b9-51e7-baf5-e965fb804c1a,,,,10.157.0.0 255.255.0.0,,,E.OMDD4,
CT03CASH2,Range_10.70.5.61-63,ad73ecf0-79bc-51e7-9911-73d118871c85,iprange,10.70.5.61,10.70.5.63,,,,I.SATWEB,
CT03CASH2,Range_10.70.5.51-52,2867104a-79bd-51e7-06ff-84e344758975,iprange,10.70.5.51,10.70.5.52,,,,I.SATWEB,
CT03CASH2,Range_10.1.93.146-147,ade57db4-79cd-51e7-1396-2b2a5bf6e11b,iprange,10.1.93.146,10.1.93.147,,,,I.TOFAPP,
CT03CASH2,Range_10.1.93.156-157,ebb08602-79cd-51e7-9134-cd72f35b190b,iprange,10.1.93.156,10.1.93.157,,,,I.TOFAPP,
CT03CASH2,Range_10.1.93.166-167,f8abe8ec-79cd-51e7-6800-14dc9165e412,iprange,10.1.93.166,10.1.93.167,,,,I.TOFAPP,
CT03CASH2,Range_10.1.93.176-177,05d9ed16-79ce-51e7-7c70-30310bf584ae,iprange,10.1.93.176,10.1.93.177,,,,I.TOFAPP,
CT03CASH2,Range_10.2.93.146-147,72d3f518-79d5-51e7-7380-94e0197dd887,iprange,10.2.93.146,10.2.93.147,,,,I.TOFAPP,
CT03CASH2,Range_10.2.93.156-157,8b4a29b4-79d5-51e7-7c05-510f7412559a,iprange,10.2.93.156,10.2.93.157,,,,I.TOFAPP,
CT03CASH2,Range_10.2.93.166-167,a782cb0e-79d5-51e7-8f02-7b9d66f366fe,iprange,10.2.93.166,10.2.93.167,,,,I.TOFAPP,
CT03CASH2,Range_10.2.93.176-177,b777f822-79d5-51e7-4e8e-54c92a77813c,iprange,10.2.93.176,10.2.93.177,,,,I.TOFAPP,
CT03CASH2,Host_10.63.109.101,40931d8a-7f6c-51e7-9766-3f1ea648765a,,,,10.63.109.101 255.255.255.255,,,E.TOF2,
CT03CASH2,Host_10.63.109.100,44567264-7f6c-51e7-e700-ec3e6b884789,,,,10.63.109.100 255.255.255.255,,,E.TOF2,
CT03CASH2,Net_10.63.109.0,34fbf540-7f6d-51e7-491b-b37851459754,,,,10.63.109.0 255.255.255.0,,,E.TOF2,
CT03CASH2,Range_192.168.20.14-15,914fef68-84a4-51e7-b705-3f91adb49ba5,iprange,192.168.20.14,192.168.20.15,,,,E.MDF,
CT03CASH2,Net_192.168.20.0,a5b3b85e-84a4-51e7-796e-15d60bd7918f,,,,192.168.20.0 255.255.255.0,,,E.MDF,
CT03CASH2,Net_10.2.125.0,068977dc-84ea-51e7-2096-c93ae1845bf6,,,,10.2.125.0 255.255.255.0,,,E.CSC3,
CT03CASH2,Host_10.2.125.43,4cb43688-84eb-51e7-3813-b0adaba1dfa9,,,,10.2.125.43 255.255.255.255,,,E.CSC3,
CT03CASH2,Host_10.1.94.114,fc12f560-84f0-51e7-5ac4-53aecb1bee76,,,,10.1.94.114 255.255.255.255,,,I.CASH.Trust2,
CT03CASH2,Net_10.141.245.0,0de88610-84f6-51e7-01f5-f84b52b5be2a,,,,10.141.245.0 255.255.255.0,,,W.OCG.T3T4,
CT03CASH2,Range_10.1.141.10-30_2,cf2ab974-8500-51e7-0fd9-b2f399d96a61,iprange,10.1.141.10,10.1.141.30,,,,I.TOFAPP,
CT03CASH2,Host_192.168.176.55,f041b93a-8507-51e7-a472-2c60e52f4a1a,,,,192.168.176.55 255.255.255.255,,,E.UCN,
CT03CASH2,Host_192.168.176.51,2d2ab22a-8508-51e7-ed7f-2eb44c98863d,,,,192.168.176.51 255.255.255.255,,,E.UCN,
CT03CASH2,Host_192.168.176.52,39e1d0ca-8508-51e7-f323-2fdff27431bc,,,,192.168.176.52 255.255.255.255,,,E.UCN,
CT03CASH2,Host_192.168.176.53,4bcc671e-8508-51e7-c13a-5661ce442d69,,,,192.168.176.53 255.255.255.255,,,E.UCN,
CT03CASH2,Host_192.168.176.50,5d08d21a-8508-51e7-b7c5-eb1fab2e0c1b,,,,192.168.176.50 255.255.255.255,,,E.UCN,
CT03CASH2,Host_192.168.176.54,68c48a72-8508-51e7-af44-d7cd3010d00a,,,,192.168.176.54 255.255.255.255,,,E.UCN,
CT03CASH2,Host_192.168.35.21,772d5332-8508-51e7-e225-42fe03681f1a,,,,192.168.35.21 255.255.255.255,,,E.UCN,
CT03CASH2,Host_192.168.35.22,83144386-8508-51e7-8446-8478a03f4abb,,,,192.168.35.22 255.255.255.255,,,E.UCN,
CT03CASH2,Host_192.168.35.23,92440210-8508-51e7-dd97-366714c888da,,,,192.168.35.23 255.255.255.255,,,E.UCN,
CT03CASH2,Host_192.168.35.24,9fd11972-8508-51e7-a651-af61c0b6db5e,,,,192.168.35.24 255.255.255.255,,,E.UCN,
CT03CASH2,Host_192.168.35.25,ad4448ea-8508-51e7-7ee6-3b74d72bcae1,,,,192.168.35.25 255.255.255.255,,,E.UCN,
CT03CASH2,Host_192.168.35.26,b9d7e332-8508-51e7-1c4e-64dce7876b76,,,,192.168.35.26 255.255.255.255,,,E.UCN,
CT03CASH2,Net_10.63.129.0,e04a1d90-8964-51e7-1184-fe7d2bd88940,,,,10.63.129.0 255.255.255.0,,,E.TOF1,PCCWT IAN subnet
CT03CASH2,Net_10.63.136.0,fbf41ed8-8964-51e7-bea5-9cdb729f2498,,,,10.63.136.0 255.255.255.0,,,E.TOF1,ESQ 6/F IAN Subnet 1
CT03CASH2,Net_10.63.137.0,31f45354-8965-51e7-8876-6e3c7ae09b0a,,,,10.63.137.0 255.255.255.0,,,E.TOF1,IFC IAN subnet
CT03CASH2,Net_10.63.139.0,501eeaba-8965-51e7-5101-c3174a836cef,,,,10.63.139.0 255.255.255.0,,,E.TOF1,CES IAN subnet
CT03CASH2,Range_10.19.19.11-12,8bd7f8da-8965-51e7-a11c-9b1aa3454ec2,iprange,10.19.19.11,10.19.19.12,,,,E.TOF1,BSS Support
CT03CASH2,Net_10.19.19.0,98d135a6-8965-51e7-7d5b-99f08d83c289,,,,10.19.19.0 255.255.255.0,,,E.TOF1,BSS subnet
CT03CASH2,Net_10.1.107.0,a34eb7d4-89cd-51e7-bbcc-a8486f045ac9,,,,10.1.107.0 255.255.255.0,,,E.CSC3,
CT03CASH2,Net_10.0.60.0,b82d8d10-89cd-51e7-3ab6-9336428c7234,,,,10.0.60.0 255.255.255.0,,,E.CSC3,
CT03CASH2,Host_192.168.188.234,917bf42c-89e6-51e7-c157-19c718cd3218,,,,192.168.188.234 255.255.255.255,,,E.UCN,
CT03CASH2,Range_192.168.188.229-230,cd6052e2-89e8-51e7-ef16-449bb3343a40,iprange,192.168.188.229,192.168.188.230,,,,E.UCN,
CT03CASH2,Range_192.168.150.231-232,7dba16dc-89e9-51e7-5007-284480bf27af,iprange,192.168.150.231,192.168.150.232,,,,E.UCN,
CT03CASH2,Host_192.168.188.231,962367be-89e9-51e7-fe26-a5538f7353bd,,,,192.168.188.231 255.255.255.255,,,E.UCN,
CT03CASH2,Host_192.168.150.228,f8c3d9d0-89e9-51e7-1367-a743b82d2b36,,,,192.168.150.228 255.255.255.255,,,E.UCN,
CT03CASH2,Host_192.168.188.228,1029c418-89ea-51e7-70d0-8ef1b04c1231,,,,192.168.188.228 255.255.255.255,,,E.UCN,
CT03CASH2,Range_192.168.150.57-61,a1ed27b4-89ea-51e7-f8db-e631646e1b49,iprange,192.168.150.57,192.168.150.61,,,,E.UCN,
CT03CASH2,Host_192.168.27.100,ca47b83c-89ea-51e7-7aa6-dad7fe8e72c7,,,,192.168.27.100 255.255.255.255,,,E.UCN,
CT03CASH2,Host_192.168.3.110,c03ad4a8-89ec-51e7-e74a-676290c8b9dc,,,,192.168.3.110 255.255.255.255,,,E.UCN,
CT03CASH2,Host_192.168.228.201,c04b9a18-89ec-51e7-2ea7-b84149e7622b,,,,192.168.228.201 255.255.255.255,,,E.UCN,
CT03CASH2,Host_192.168.20.201,c05c62ee-89ec-51e7-2e03-a4c996200748,,,,192.168.20.201 255.255.255.255,,,E.UCN,
CT03CASH2,Host_192.168.229.201,c06c1c2a-89ec-51e7-ea4b-8dbf94aea5aa,,,,192.168.229.201 255.255.255.255,,,E.UCN,
CT03CASH2,Host_192.168.37.100,c07ce208-89ec-51e7-7406-2de7dc76dbc7,,,,192.168.37.100 255.255.255.255,,,E.UCN,
CT03CASH2,Host_192.168.26.100,c08dab56-89ec-51e7-abe5-f696a0ff832a,,,,192.168.26.100 255.255.255.255,,,E.UCN,
CT03CASH2,Host_192.168.55.100,c09e7ab2-89ec-51e7-8fd3-023919545600,,,,192.168.55.100 255.255.255.255,,,E.UCN,
CT03CASH2,Host_192.168.26.110,c0af3db6-89ec-51e7-1a62-4cf4246d2f9b,,,,192.168.26.110 255.255.255.255,,,E.UCN,
CT03CASH2,Range_192.168.26.38-41,c0c00538-89ec-51e7-afc2-d47344691fc0,iprange,192.168.26.38,192.168.26.41,,,,E.UCN,
CT03CASH2,Range_192.168.27.61-64,c0d2558a-89ec-51e7-ba25-049517f79765,iprange,192.168.27.61,192.168.27.64,,,,E.UCN,
CT03CASH2,Range_192.168.25.130-131,c0e56a26-89ec-51e7-bdda-02a1fe136c23,iprange,192.168.25.130,192.168.25.131,,,,E.UCN,
CT03CASH2,Range_192.168.150.62-63,c0f941cc-89ec-51e7-c87a-a69708912b1c,iprange,192.168.150.62,192.168.150.63,,,,E.UCN,
CT03CASH2,Range_192.168.190.234-235,c10ca3ac-89ec-51e7-4bbe-4d5a9446ba32,iprange,192.168.190.234,192.168.190.235,,,,E.UCN,
CT03CASH2,Host_192.168.7.14/32,f1c74048-89f0-51e7-edb4-a76dcd266bf9,,,,192.168.7.14 255.255.255.255,,,E.UCN,
CT03CASH2,Host_192.168.10.7/32,f1d7e39e-89f0-51e7-d2bd-c5b7d0d15b2d,,,,192.168.10.7 255.255.255.255,,,E.UCN,
CT03CASH2,Host_192.168.150.127/32,f1e88c6c-89f0-51e7-8a49-46e8a58d863a,,,,192.168.150.127 255.255.255.255,,,E.UCN,
CT03CASH2,Host_192.168.150.70/32,f1f93828-89f0-51e7-a7a1-87fe6bf83dae,,,,192.168.150.70 255.255.255.255,,,E.UCN,
CT03CASH2,Host_192.168.176.2/32,f20a2fe8-89f0-51e7-63b2-e79749950473,,,,192.168.176.2 255.255.255.255,,,E.UCN,
CT03CASH2,Host_192.168.20.19/32,f21ad62c-89f0-51e7-92f0-cef41ff78686,,,,192.168.20.19 255.255.255.255,,,E.UCN,
CT03CASH2,Host_192.168.228.79/32,f22b80bc-89f0-51e7-a45a-8ec8e5dfabbd,,,,192.168.228.79 255.255.255.255,,,E.UCN,
CT03CASH2,Host_192.168.229.79/32,f23c29a8-89f0-51e7-3dd9-b8762a9370b6,,,,192.168.229.79 255.255.255.255,,,E.UCN,
CT03CASH2,Host_192.168.23.120/32,f24cd352-89f0-51e7-dfcb-6c75ecfbf26a,,,,192.168.23.120 255.255.255.255,,,E.UCN,
CT03CASH2,Host_192.168.23.31/32,f25dd06c-89f0-51e7-bc4b-66f1ab905f0f,,,,192.168.23.31 255.255.255.255,,,E.UCN,
CT03CASH2,Host_192.168.25.141/32,f26e7cf0-89f0-51e7-c6cf-f25e3ee0bdaf,,,,192.168.25.141 255.255.255.255,,,E.UCN,
CT03CASH2,Host_192.168.25.166/32,f27f1df8-89f0-51e7-f9f7-40e071c3875e,,,,192.168.25.166 255.255.255.255,,,E.UCN,
CT03CASH2,Host_192.168.25.89/32,f28fc70c-89f0-51e7-1035-1b7a283b8eb8,,,,192.168.25.89 255.255.255.255,,,E.UCN,
CT03CASH2,Host_192.168.25.99/32,f2a0700c-89f0-51e7-6c6b-e06628b005cb,,,,192.168.25.99 255.255.255.255,,,E.UCN,
CT03CASH2,Host_192.168.26.19/32,f2b11a38-89f0-51e7-8735-13eb7eac5127,,,,192.168.26.19 255.255.255.255,,,E.UCN,
CT03CASH2,Host_192.168.26.25/32,f2c1c36a-89f0-51e7-bbc4-ed05e8e456ef,,,,192.168.26.25 255.255.255.255,,,E.UCN,
CT03CASH2,Host_192.168.26.27/32,f2d26fbc-89f0-51e7-a50f-cc2051a21829,,,,192.168.26.27 255.255.255.255,,,E.UCN,
CT03CASH2,Host_192.168.27.29/32,f2e3170e-89f0-51e7-d8fa-02bc4d7db32d,,,,192.168.27.29 255.255.255.255,,,E.UCN,
CT03CASH2,Host_192.168.3.99/32,f2f3bff0-89f0-51e7-6622-edcdea147cd0,,,,192.168.3.99 255.255.255.255,,,E.UCN,
CT03CASH2,Host_192.168.55.34/32,f3046a30-89f0-51e7-1a62-dc4fc9b45b3f,,,,192.168.55.34 255.255.255.255,,,E.UCN,
CT03CASH2,Range_192.168.133.19-20,f3151d4e-89f0-51e7-1a82-fd3b4aec0886,iprange,192.168.133.19,192.168.133.20,,,,E.UCN,
CT03CASH2,Range_192.168.139.11-14,f32ee59e-89f0-51e7-c8ff-ab91d4e2966c,iprange,192.168.139.11,192.168.139.14,,,,E.UCN,
CT03CASH2,Range_192.168.150.103-105,f33b2caa-89f0-51e7-ddde-b3d980a4241b,iprange,192.168.150.103,192.168.150.105,,,,E.UCN,
CT03CASH2,Range_192.168.150.119-120,f34e3692-89f0-51e7-17a5-e06d29bcbe14,iprange,192.168.150.119,192.168.150.120,,,,E.UCN,
CT03CASH2,Range_192.168.150.123-124,f361419c-89f0-51e7-fa5a-48b3f69c61ec,iprange,192.168.150.123,192.168.150.124,,,,E.UCN,
CT03CASH2,Range_192.168.150.133-134,f3744bd4-89f0-51e7-bf13-08af54ba3a23,iprange,192.168.150.133,192.168.150.134,,,,E.UCN,
CT03CASH2,Range_192.168.150.138-139,f3875f30-89f0-51e7-1743-b8d5e747bf73,iprange,192.168.150.138,192.168.150.139,,,,E.UCN,
CT03CASH2,Range_192.168.150.142-143,f39ab094-89f0-51e7-3e9a-572b913e3b32,iprange,192.168.150.142,192.168.150.143,,,,E.UCN,
CT03CASH2,Range_192.168.150.48-55,f3adbd74-89f0-51e7-7565-180ffb9613d4,iprange,192.168.150.48,192.168.150.55,,,,E.UCN,
CT03CASH2,Range_192.168.150.72-73,f3c0c324-89f0-51e7-f511-4a560ca1f441,iprange,192.168.150.72,192.168.150.73,,,,E.UCN,
CT03CASH2,Range_192.168.176.18-21,f3d3ce24-89f0-51e7-395e-d509413a3205,iprange,192.168.176.18,192.168.176.21,,,,E.UCN,
CT03CASH2,Range_192.168.176.50-55,f3e6d938-89f0-51e7-e506-448f263928d2,iprange,192.168.176.50,192.168.176.55,,,,E.UCN,
CT03CASH2,Range_192.168.176.72-74,f3f9f090-89f0-51e7-f5c3-3d3c514e1d17,iprange,192.168.176.72,192.168.176.74,,,,E.UCN,
CT03CASH2,Range_192.168.20.11-16,f40cf398-89f0-51e7-62bc-aacbbef9a1c6,iprange,192.168.20.11,192.168.20.16,,,,E.UCN,
CT03CASH2,Range_192.168.228.11-12,f41ff9de-89f0-51e7-95c0-b018949fd499,iprange,192.168.228.11,192.168.228.12,,,,E.UCN,
CT03CASH2,Range_192.168.228.51-69,f433095c-89f0-51e7-a087-70ee7312b53b,iprange,192.168.228.51,192.168.228.69,,,,E.UCN,
CT03CASH2,Range_192.168.228.70-75,f4460fc0-89f0-51e7-239b-605affe6512c,iprange,192.168.228.70,192.168.228.75,,,,E.UCN,
CT03CASH2,Range_192.168.229.11-12,f4591eee-89f0-51e7-6376-d05079edde60,iprange,192.168.229.11,192.168.229.12,,,,E.UCN,
CT03CASH2,Range_192.168.229.51-69,f487fff2-89f0-51e7-0b5b-64298eb29e5e,iprange,192.168.229.51,192.168.229.69,,,,E.UCN,
CT03CASH2,Range_192.168.229.70-75,f4887f72-89f0-51e7-f45a-b4df52da061e,iprange,192.168.229.70,192.168.229.75,,,,E.UCN,
CT03CASH2,Range_192.168.25.132-136,f4928abc-89f0-51e7-c221-6e2a200528dd,iprange,192.168.25.132,192.168.25.136,,,,E.UCN,
CT03CASH2,Range_192.168.25.168-175,f4a5945e-89f0-51e7-7f65-1d6eec05b673,iprange,192.168.25.168,192.168.25.175,,,,E.UCN,
CT03CASH2,Range_192.168.25.5-6,f4b8ac10-89f0-51e7-4786-eb0f64715da4,iprange,192.168.25.5,192.168.25.6,,,,E.UCN,
CT03CASH2,Range_192.168.25.75-76,f4cba9aa-89f0-51e7-85bf-e0c3f44131de,iprange,192.168.25.75,192.168.25.76,,,,E.UCN,
CT03CASH2,Range_192.168.26.113-116,f4deb536-89f0-51e7-29d9-1b0937d02e0f,iprange,192.168.26.113,192.168.26.116,,,,E.UCN,
CT03CASH2,Range_192.168.26.30-57,f4f1bed8-89f0-51e7-1693-d581f2d54073,iprange,192.168.26.30,192.168.26.57,,,,E.UCN,
CT03CASH2,Range_192.168.27.25-26,f504ca5a-89f0-51e7-a656-582884ca2cb1,iprange,192.168.27.25,192.168.27.26,,,,E.UCN,
CT03CASH2,Range_192.168.27.43-48,f517d55a-89f0-51e7-b3ab-238f2b2d6270,iprange,192.168.27.43,192.168.27.48,,,,E.UCN,
CT03CASH2,Range_192.168.27.52-53,f52b2f60-89f0-51e7-3ce2-bc83f5527ff4,iprange,192.168.27.52,192.168.27.53,,,,E.UCN,
CT03CASH2,Range_192.168.28.9-14,f551439e-89f0-51e7-4a32-06ddb0e912a1,iprange,192.168.28.9,192.168.28.14,,,,E.UCN,
CT03CASH2,Range_192.168.3.100-102,f5644e58-89f0-51e7-2d39-567d37ffb778,iprange,192.168.3.100,192.168.3.102,,,,E.UCN,
CT03CASH2,Range_192.168.3.122-124,f5775d4a-89f0-51e7-0115-519a74f38620,iprange,192.168.3.122,192.168.3.124,,,,E.UCN,
CT03CASH2,Range_192.168.3.45-48,f58a644e-89f0-51e7-034f-0a192aa4a054,iprange,192.168.3.45,192.168.3.48,,,,E.UCN,
CT03CASH2,Range_192.168.3.63-64,f59d6e36-89f0-51e7-3472-63614bf82f51,iprange,192.168.3.63,192.168.3.64,,,,E.UCN,
CT03CASH2,Range_192.168.3.76-84,f5b07a6c-89f0-51e7-2523-3d91c1a0a191,iprange,192.168.3.76,192.168.3.84,,,,E.UCN,
CT03CASH2,Range_192.168.3.86-89,f5c38986-89f0-51e7-eb92-a9b44ca39fc1,iprange,192.168.3.86,192.168.3.89,,,,E.UCN,
CT03CASH2,Range_192.168.3.91-95,f5ebe552-89f0-51e7-d823-875355a13c5b,iprange,192.168.3.91,192.168.3.95,,,,E.UCN,
CT03CASH2,Range_192.168.55.1-3,f5ec66a8-89f0-51e7-d20f-f6c1f1a9a52c,iprange,192.168.55.1,192.168.55.3,,,,E.UCN,
CT03CASH2,Range_192.168.7.27-28,f60fb018-89f0-51e7-3226-6aae8111e0ce,iprange,192.168.7.27,192.168.7.28,,,,E.UCN,
CT03CASH2,Host_192.168.150.129,f186a100-8a0e-51e7-0bc3-53c1a5ca1c7a,,,,192.168.150.129 255.255.255.255,,,E.UCN,
CT03CASH2,Host_192.168.150.130,07a3c878-8a0f-51e7-9403-e20e1573331a,,,,192.168.150.130 255.255.255.255,,,E.UCN,
CT03CASH2,Host_192.168.188.129,1429f716-8a0f-51e7-71eb-786945250464,,,,192.168.188.129 255.255.255.255,,,E.UCN,
CT03CASH2,Host_192.168.188.130,22ee92ac-8a0f-51e7-1de2-8dd608845eca,,,,192.168.188.130 255.255.255.255,,,E.UCN,
CT03CASH2,Range_192.168.150.129-130,3d10a226-8a12-51e7-4af0-3550d9a71060,iprange,192.168.150.129,192.168.150.130,,,,E.UCN,
CT03CASH2,Range_192.168.188.129-130,5315a6fc-8a12-51e7-f803-0d720fb7b871,iprange,192.168.188.129,192.168.188.130,,,,E.UCN,
CT03CASH2,Host_192.168.150.6,97a742d0-8a12-51e7-6458-493645e061d5,,,,192.168.150.6 255.255.255.255,,,E.UCN,
CT03CASH2,Host_192.168.188.227,c822648c-8a15-51e7-a5bf-815dfc9e701c,,,,192.168.188.227 255.255.255.255,,,E.UCN,
CT03CASH2,Range_192.168.150.57-63,f41cca50-8a24-51e7-ec11-9f3063facaf5,iprange,192.168.150.57,192.168.150.63,,,,E.UCN,
CT03CASH2,Host_192.168.198.80,4c800c68-8a28-51e7-1ad6-3cdac2d74781,,,,192.168.198.80 255.255.255.255,,,E.UCN,
CT03CASH2,Host_192.168.25.48,67cc7d6c-8fbe-51e7-4f98-0834a962dec2,,,,192.168.25.48 255.255.255.255,,,E.UCN,
CT03CASH2,Host_192.168.188.25,6fbaa1c4-8fbf-51e7-2c6d-4a0eef942190,,,,192.168.188.25 255.255.255.255,,,E.UCN,
CT03CASH2,Host_192.168.188.26,80ded68c-8fbf-51e7-afe5-80dc0e6a054e,,,,192.168.188.26 255.255.255.255,,,E.UCN,
CT03CASH2,Host_10.68.41.11,44ec211c-8fc3-51e7-a7ba-35d08b531357,,,,10.68.41.11 255.255.255.255,,,E.OMDD4,
CT03CASH2,Host_10.68.41.12,51863048-8fc3-51e7-d300-7617f4af6b52,,,,10.68.41.12 255.255.255.255,,,E.OMDD4,
CT03CASH2,Host_10.68.45.11,5fe7c764-8fc3-51e7-c71c-465a0c64cf5e,,,,10.68.45.11 255.255.255.255,,,E.OMDD4,
CT03CASH2,Net_10.68.41.0,59a670b6-8fc4-51e7-0e01-6ccf44b82545,,,,10.68.41.0 255.255.255.0,,,E.OMDD4,
CT03CASH2,Net_10.68.45.0,66501e8e-8fc4-51e7-e26e-bfe388fd3c7c,,,,10.68.45.0 255.255.255.0,,,E.OMDD4,
CT03CASH2,Net_10.1.125.0_WATEREZ,dc2c323c-8fc9-51e7-5dc9-5d066051d43a,,,,10.1.125.0 255.255.255.0,,,E.WATEREZOES,
CT03CASH2,Range_10.1.125.41-43_WATEREZ,c7b1915c-8fca-51e7-0b37-f62dede340da,iprange,10.1.125.41,10.1.125.43,,,,E.WATEREZOES,
CT03CASH2,Host_10.1.125.43_WATEREZ,15a2590a-8fcb-51e7-8438-72ed32e2733e,,,,10.1.125.43 255.255.255.255,,,E.WATEREZOES,
CT03CASH2,Range_10.1.125.41-42_WATEREZ,fa537c3c-8fcb-51e7-67d1-850acbb16c0d,iprange,10.1.125.41,10.1.125.42,,,,E.WATEREZOES,
CT03CASH2,Net_10.1.126.0_WATEREZ,a52db7bc-8fe0-51e7-495b-16a25cb3a22e,,,,10.1.126.0 255.255.255.0,,,E.WATEREZOES,
CT03CASH2,Net_10.2.89.0,2c816f0a-8fe7-51e7-fbb4-70d4e0e9f993,,,,10.2.89.0 255.255.255.0,,,I.CASH.Trust2,
CT03CASH2,Net_10.70.4.0_TOFAPP,b2b8c394-a062-51e7-97dd-bfd288a306ad,,,,10.70.4.0 255.255.255.0,,,I.TOFAPP,
CT03CASH2,Host_10.70.4.61_TOFAPP,fb816fc2-a062-51e7-7616-dd3f8338d226,,,,10.70.4.61 255.255.255.255,,,I.TOFAPP,
CT03CASH2,Host_192.168.144.76,ab7d62c6-a065-51e7-c359-e3d7a609386d,,,,192.168.144.76 255.255.255.255,,,I.TOFAPP,
CT03CASH2,Net_192.168.144.0,de915a32-a065-51e7-8693-e3677a43b056,,,,192.168.144.0 255.255.255.0,,,I.TOFAPP,
CT03CASH2,Host_10.65.85.3_TOFAPP,6c73057e-a068-51e7-c5f5-ffad3be2dc09,,,,10.65.85.3 255.255.255.255,,,I.TOFAPP,
CT03CASH2,Range_10.164.12.81-82,b2da44dc-a34c-51e7-a943-20a012946ecb,iprange,10.164.12.81,10.164.12.82,,,,E.NMC,
CT03CASH2,Range_10.164.141.81-82,be8dbb06-a34c-51e7-3740-4792867ee2f1,iprange,10.164.141.81,10.164.141.82,,,,E.NMC,
CT03CASH2,Host_10.3.22.51_TOF2,523c8f4c-a584-51e7-f302-684148eeeaa4,,,,10.3.22.51 255.255.255.255,,,E.TOF2,
CT03CASH2,Host_10.2.125.43_WATEREZ,2e9dc862-a598-51e7-0d0e-2e2e6b561abb,,,,10.2.125.43 255.255.255.255,,,E.WATEREZOES,
CT03CASH2,Net_10.2.125.0_WATEREz,97e2cc50-a598-51e7-e96d-e87a984414dc,,,,10.2.125.0 255.255.255.0,,,E.WATEREZOES,
CT03CASH2,Range_10.1.105.3-4,a13e468a-ab60-51e7-58d0-e19a48464832,iprange,10.1.105.3,10.1.105.4,,,,E.CSC3,
CT03CASH2,Range_10.1.105.19-20,7e42d5fa-ab61-51e7-a62b-b94e532a7227,iprange,10.1.105.19,10.1.105.20,,,,E.CSC3,
CT03CASH2,Range_10.2.89.94-95,a3a4c820-b63e-51e7-47fb-566fdc8918b6,iprange,10.2.89.94,10.2.89.95,,,,I.CASH.Trust2,
CT03CASH2,Net_10.91.22.0,28c9c53e-bbbf-51e7-aa69-c1327b6d4a26,,,,10.91.22.0 255.255.255.0,,,I.OAdmAPP,
CT03CASH2,Net_10.91.22.0_,45293476-bbbf-51e7-ece1-11d25b4151f0,,,,10.91.22.0 255.255.255.0,,,I.OAdmWEB,
CT03CASH2,Net_10.91.25.0,d0ec6a34-bbc2-51e7-9a42-e1ef5c95908e,,,,10.91.25.0 255.255.255.0,,,I.OAdmAPP,
CT03CASH2,Net_10.164.0.0,432d46b4-bbdb-51e7-a5be-ad079b808f49,,,,10.164.0.0 255.255.0.0,,,I.CNMC,
CT03CASH2,Host_10.164.12.81,a32ea372-bbf5-51e7-a6de-746bdf404013,,,,10.164.12.81 255.255.255.255,,,I.CNMC,
CT03CASH2,Host_10.164.12.82,ad044136-bbf5-51e7-2033-6e76d6336c72,,,,10.164.12.82 255.255.255.255,,,I.CNMC,
CT03CASH2,Host_10.164.11.85,bbf515a8-bbf5-51e7-895b-2e8ed0d5ec4d,,,,10.164.11.85 255.255.255.255,,,I.CNMC,
CT03CASH2,Host_10.164.12.85,c9475b80-bbf5-51e7-838f-63cc92871f59,,,,10.164.12.85 255.255.255.255,,,I.CNMC,
CT03CASH2,Host_10.164.12.95,e9bbff1a-bbf5-51e7-4e6c-439c94250480,,,,10.164.12.95 255.255.255.255,,,I.CNMC,
CT03CASH2,Net_10.164.11.0,55ea62f8-bbf6-51e7-527e-cdeadacccfae,,,,10.164.11.0 255.255.255.0,,,I.CNMC,
CT03CASH2,Net_10.164.12.0,6109cb56-bbf6-51e7-ba92-7c5882a076f5,,,,10.164.12.0 255.255.255.0,,,I.CNMC,
CT03CASH2,Net_10.1.105.0/27,316e2ffe-bc46-51e7-35af-c8d8bcb44fb2,,,,10.1.105.0 255.255.255.224,,,E.CSC3,
CT03CASH2,Host_10.164.1.200,9e58d60c-bf9b-51e7-cd49-507094b2805c,,,,10.164.1.200 255.255.255.255,,,E.NMC,
CT03CASH2,Host_10.164.1.201,9e66cb68-bf9b-51e7-8d4b-c1de577a4b05,,,,10.164.1.201 255.255.255.255,,,E.NMC,
CT03CASH2,Host_10.164.129.200,9e7514c0-bf9b-51e7-3ba8-f479aba55a62,,,,10.164.129.200 255.255.255.255,,,E.NMC,
CT03CASH2,Host_10.164.129.201,9e83630e-bf9b-51e7-b266-6d1d39e43c11,,,,10.164.129.201 255.255.255.255,,,E.NMC,
CT03CASH2,Net_temp_10.63.134.0,ca594a9a-bfa8-51e7-fe03-9f8401551430,,,,10.63.134.0 255.255.255.0,,,E.TOF,
CT03CASH2,Net_temp_10.63.140.0,ca62d1fa-bfa8-51e7-47cf-e85e443dcd14,,,,10.63.140.0 255.255.255.0,,,E.TOF,
CT03CASH2,Net_temp_10.63.129.0,ca6c54d2-bfa8-51e7-175d-3bc9e60ea32b,,,,10.63.129.0 255.255.255.0,,,E.TOF,
CT03CASH2,Net_temp_10.63.136.0,ca75dae8-bfa8-51e7-659f-e9f102062c41,,,,10.63.136.0 255.255.255.0,,,E.TOF,
CT03CASH2,Net_temp_10.63.137.0,ca7f6108-bfa8-51e7-41e4-060b91dbb539,,,,10.63.137.0 255.255.255.0,,,E.TOF,
CT03CASH2,Net_temp_10.63.139.0,ca88e66a-bfa8-51e7-d359-ec42a79afbf0,,,,10.63.139.0 255.255.255.0,,,E.TOF,
CT03CASH2,Net_10.164.141.0,607668e0-bfaa-51e7-b267-77c564f4795c,,,,10.164.141.0 255.255.255.0,,,I.CNMC,
CT03CASH2,Net_10.164.140.0,7a48a62a-bfaa-51e7-8a9b-b81934b4962a,,,,10.164.140.0 255.255.255.0,,,I.CNMC,
CT03CASH2,Host_10.164.140.85,e34dfc80-bfad-51e7-ccb8-a88598b5a81d,,,,10.164.140.85 255.255.255.255,,,I.CNMC,
CT03CASH2,Host_10.164.141.81,ec5bab24-bfad-51e7-aea5-f475b58c6620,,,,10.164.141.81 255.255.255.255,,,I.CNMC,
CT03CASH2,Host_10.164.141.82,3b46c340-bfae-51e7-dd1a-67b5fec9076a,,,,10.164.141.82 255.255.255.255,,,I.CNMC,
CT03CASH2,Host_10.164.141.95,6f66c896-bfae-51e7-e7d1-78c39596a148,,,,10.164.141.95 255.255.255.255,,,I.CNMC,
CT03CASH2,Net_temp_10.70.4.0,4b83f50a-bfb0-51e7-e200-d23c335594cb,,,,10.70.4.0 255.255.255.0,,,E.TOF,
CT03CASH2,Host_temp_10.70.4.61,4b9962a0-bfb0-51e7-4056-d49395fecacb,,,,10.70.4.61 255.255.255.255,,,E.TOF,
CT03CASH2,Net_temp_10.63.128.0,d5faebf6-c129-51e7-993e-17466dfc76dc,,,,10.63.128.0 255.255.255.0,,,E.TOF,
CT03CASH2,Net_10.63.128.0,e99fde96-c129-51e7-dc9d-8fe065bd81de,,,,10.63.128.0 255.255.255.0,,,E.TOF1,
CT03CASH2,Host_temp_10.70.14.61,d1aacb00-c12b-51e7-8fd1-96e5b4843c26,,,,10.70.14.61 255.255.255.255,,,E.TOF,
CT03CASH2,Net_temp_10.70.14.0,df3dbfde-c12b-51e7-96f9-1f16c66f40d8,,,,10.70.14.0 255.255.255.0,,,E.TOF,
CT03CASH2,Host_10.164.141.85,28bbcef4-c199-51e7-eb97-38cdf4a3e1ec,,,,10.164.141.85 255.255.255.255,,,I.CNMC,
CT03CASH2,Host_10.70.2.33,458e540a-c67d-51e7-a207-2420189ecc09,,,,10.70.2.33 255.255.255.255,,,I.TOFAPP,
CT03CASH2,Range_10.216.110.11-12,0dea7776-c67e-51e7-b4df-7620350b3e0b,iprange,10.216.110.11,10.216.110.12,,,,E.TOF1,
CT03CASH2,Net_10.64.9.0,4f1c7aca-c681-51e7-79a4-252876e913b9,,,,10.64.9.0 255.255.255.0,,,E.TOF1,
CT03CASH2,Host_172.16.64.38_XSYS,9bcafaf6-dbce-51e7-27b9-35b89880b00a,,,,172.16.64.38 255.255.255.255,,,E.XSYS,
CT03CASH2,Host_172.16.64.40_XSYS,ab2840da-dbce-51e7-c718-7321fe0f6939,,,,172.16.64.40 255.255.255.255,,,E.XSYS,
CT03CASH2,Host_172.16.128.37,e7cca882-dbce-51e7-2f41-79a9bdc2fea3,,,,172.16.128.37 255.255.255.255,,,E.XSYS,
CT03CASH2,Host_172.16.128.39,f1b9a048-dbce-51e7-c4fd-5fb92658b2c5,,,,172.16.128.39 255.255.255.255,,,E.XSYS,
CT03CASH2,Net_172.16.64.0_XSYS,113e64d0-dbcf-51e7-e142-5f91d6e703b2,,,,172.16.64.0 255.255.255.0,,,E.XSYS,
CT03CASH2,Net_172.16.128.0,255e4278-dbcf-51e7-eae7-34e807ccefeb,,,,172.16.128.0 255.255.255.0,,,E.XSYS,
CT03CASH2,Host_10.70.13.31,01d97104-f2bf-51e7-c0b6-eddf91ec8db6,,,,10.70.13.31 255.255.255.255,,,I.TOFAPP,
CT03CASH2,Range_10.70.13.31-32,747d7966-f7de-51e7-5e28-b7f63003202c,iprange,10.70.13.31,10.70.13.32,,,,I.TOFAPP,
CT03CASH2,Range_10.1.88.82-83,5cd96938-18d0-51e8-6abb-0d90097b991d,iprange,10.1.88.82,10.1.88.83,,,,I.CASH.Trust2,
CT03CASH2,Range_10.1.88.94-95,6a9df82c-18d0-51e8-feef-a181484b866a,iprange,10.1.88.94,10.1.88.95,,,,I.CASH.Trust2,
CT03CASH2,Net_10.68.42.0,6aac2820-18d0-51e8-de66-1833fee3be6b,,,,10.68.42.0 255.255.255.0,,,E.OMDD4,
CT03CASH2,Net_10.68.43.0,6aac90a8-18d0-51e8-73f5-4f7644498a96,,,,10.68.43.0 255.255.255.0,,,E.OMDD4,
CT03CASH2,Net_10.68.44.0,6aacf98a-18d0-51e8-0983-12eb355ddaec,,,,10.68.44.0 255.255.255.0,,,E.OMDD4,
CT03CASH2,Host_192.168.166.110,6aba6a3e-18d0-51e8-e5df-5d7c3f1b0c5a,,,,192.168.166.110 255.255.255.255,,,E.UCN,
CT03CASH2,Host_192.168.166.111,6abad604-18d0-51e8-4cfe-d12797cc6f31,,,,192.168.166.111 255.255.255.255,,,E.UCN,
CT03CASH2,Host_159.220.180.66,6abb3dba-18d0-51e8-4695-1c95b7a0e00e,,,,159.220.180.66 255.255.255.255,,,E.TOF2,
CT03CASH2,Host_10.164.1.120,e1e72e84-23d0-51e8-af15-640d8c49e977,,,,10.164.1.120 255.255.255.255,,,E.NMC,
CT03CASH2,Range_10.164.11.102-103,9859084e-5550-51e8-7e8b-4c26c0f7ea34,iprange,10.164.11.102,10.164.11.103,,,,I.CNMC,
CT03CASH2,Range_10.164.140.102-103,9c5b1a04-5550-51e8-e99f-e280ec4f163c,iprange,10.164.140.102,10.164.140.103,,,,I.CNMC,
CT03CASH2,Host_10.164.139.82,01464eba-6051-51e8-f184-5aae4f216d26,,,,10.164.139.82 255.255.255.255,,,E.NMC,
CT03CASH2,Host_10.164.139.85,063f8b8e-6051-51e8-fba9-4c8178f0e7c2,,,,10.164.139.85 255.255.255.255,,,E.NMC,
CT03CASH2,Host_10.164.129.85,0b1b76ea-6051-51e8-eaf9-873cd9a14acb,,,,10.164.129.85 255.255.255.255,,,E.NMC,
CT03CASH2,Host_10.164.129.95,0eefc1ae-6051-51e8-ae4c-26057c3da2a7,,,,10.164.129.95 255.255.255.255,,,E.NMC,
CT03CASH2,Net_10.164.139.0,122c8f46-6051-51e8-21d7-3002381da17e,,,,10.164.139.0 255.255.255.0,,,E.NMC,
CT03CASH2,Net_10.90.34.0,c93b886e-6055-51e8-b729-f6b47973fdab,,,,10.90.34.0 255.255.255.0,,,I.BCAN,IT-NCR-2018-[T]1456
CT03CASH2,Host_10.90.34.112,cca9731c-6055-51e8-a34d-719ad34d7ce0,,,,10.90.34.112 255.255.255.255,,,I.BCAN,IT-NCR-2018-[T]1456
CT03CASH2,Host_10.90.34.114,d13c1df8-6055-51e8-85e9-729ee3ebbfb8,,,,10.90.34.114 255.255.255.255,,,I.BCAN,IT-NCR-2018-[T]1456
CT03CASH2,Host_192.168.166.27,d492a756-6055-51e8-7c1d-d31cb4f740c5,,,,192.168.166.27 255.255.255.255,,,E.UCN,IT-NCR-2018-[T]1456
CT03CASH2,Host_192.168.166.42,db3c03fe-6055-51e8-45e5-27ac7bd49b4d,,,,192.168.166.42 255.255.255.255,,,E.UCN,IT-NCR-2018-[T]1456
CT03CASH2,Host_192.168.188.34,dd9aafa6-6055-51e8-bb85-2eaea633519d,,,,192.168.188.34 255.255.255.255,,,E.UCN,IT-NCR-2018-[T]1456
CT03CASH2,Host_192.168.188.60,e157c6ba-6055-51e8-b6fa-053e52c5ddee,,,,192.168.188.60 255.255.255.255,,,E.UCN,IT-NCR-2018-[T]1456
CT03CASH2,Range_192.168.176.50-53,e43df87c-6055-51e8-ddaf-178eb9ffebc5,iprange,192.168.176.50,192.168.176.53,,,,E.UCN,
CT03CASH2,Range_192.168.35.21-24,e91649a8-6055-51e8-a5f5-11d064cf7b37,iprange,192.168.35.21,192.168.35.24,,,,E.UCN,
CT03CASH2,Range_10.63.142.16-19,1e72793a-6062-51e8-50ba-5a68dc3fdbad,iprange,10.63.142.16,10.63.142.19,,,,E.NMC,
CT03CASH2,Range_10.163.143.22-25,6be68e7c-6062-51e8-1788-ef4b48bb6336,iprange,10.163.143.22,10.163.143.25,,,,E.NMC,
CT03CASH2,Host_10.68.43.15,3487e584-65d5-51e8-bf68-42b1573de7e0,,,,10.68.43.15 255.255.255.255,,,E.OMDD4,
CT03CASH2,Range_192.168.150.107-108,dee887de-6b54-51e8-dba7-3558d89ee224,iprange,192.168.150.107,192.168.150.108,,,,E.UCN,IT-NCR-2018-[T]1456
CT03CASH2,Host_192.168.150.8,e6ff45ac-6b54-51e8-1daa-62bc71ca6207,,,,192.168.150.8 255.255.255.255,,,E.UCN,IT-NCR-2018-[T]1456
CT03CASH2,Range_192.168.188.174-175,eb30b304-6b54-51e8-cddf-57086f19f679,iprange,192.168.188.174,192.168.188.175,,,,E.UCN,IT-NCR-2018-[T]1456
CT03CASH2,Host_192.168.190.124,ef72ae40-6b54-51e8-eaf3-15dedf92d362,,,,192.168.190.124 255.255.255.255,,,E.UCN,IT-NCR-2018-[T]1456
CT03CASH2,Host_10.90.34.111,f2a5b45e-6b54-51e8-9253-a91ca076a7db,,,,10.90.34.111 255.255.255.255,,,I.BCAN,IT-NCR-2018-[T]1456
CT03CASH2,Host_10.90.34.113,f68e8fc8-6b54-51e8-c644-c97db226be71,,,,10.90.34.113 255.255.255.255,,,I.BCAN,IT-NCR-2018-[T]1456
CT03CASH2,Host_10.90.35.11,4295cfb4-70d5-51e8-6d05-07c3f62c096f,,,,10.90.35.11 255.255.255.255,,,I.BCAN,IT-NCR-2018-[T]1407
CT03CASH2,Host_10.90.35.13,486aa680-70d5-51e8-5d28-484b185b3b7a,,,,10.90.35.13 255.255.255.255,,,I.BCAN,IT-NCR-2018-[T]1407
CT03CASH2,Net_10.90.35.0,4bee1f9e-70d5-51e8-54f3-f993ca4bcf80,,,,10.90.35.0 255.255.255.0,,,I.BCAN,IT-NCR-2018-[T]1407
CT03CASH2,Range_192.168.25.174-175,58c402e2-70d5-51e8-4ba6-052e38c0f30f,iprange,192.168.25.174,192.168.25.175,,,,E.UCN,
CT03CASH2,Range_192.168.66.29-30,61d594c2-70d5-51e8-0355-aca985d818f3,iprange,192.168.66.29,192.168.66.30,,,,E.UCN,
CT03CASH2,Range_10.241.51.21-22,67821882-70d5-51e8-76e7-e96d3b1c23ba,iprange,10.241.51.21,10.241.51.22,,,,E.XSYS,
CT03CASH2,Range_10.241.151.21-22,6eb52dba-70d5-51e8-9741-afd80ff7663b,iprange,10.241.151.21,10.241.151.22,,,,E.XSYS,
CT03CASH2,Range_10.241.50.21-22,74b4b4b0-70d5-51e8-4d0b-0c7c2324eeb4,iprange,10.241.50.21,10.241.50.22,,,,E.EMFTProxy.CASH2,
CT03CASH2,Host_10.241.52.21,7c9dac04-70d5-51e8-65c0-418a57c70162,,,,10.241.52.21 255.255.255.255,,,E.EMFTAdmin,IT-NCR-2018-[T]1407
CT03CASH2,Host_10.241.152.21,838dbec8-70d5-51e8-8dda-f0242d5ffd49,,,,10.241.152.21 255.255.255.255,,,E.XSYS,IT-NCR-2018-[T]1407
CT03CASH2,Net_10.241.51.0,8880a724-70d5-51e8-3b5c-67db80a9ac4d,,,,10.241.51.0 255.255.255.0,,,E.XSYS,IT-NCR-2018-[T]1407
CT03CASH2,Net_10.241.52.0,902c8600-70d5-51e8-5dfd-75c752339c42,,,,10.241.52.0 255.255.255.0,,,E.EMFTAdmin,IT-NCR-2018-[T]1407
CT03CASH2,Net_10.241.151.0,944db42a-70d5-51e8-8764-45e123239879,,,,10.241.151.0 255.255.255.0,,,E.XSYS,IT-NCR-2018-[T]1407
CT03CASH2,Net_10.241.152.0,a161cd5e-70d5-51e8-fafe-e1323558db1a,,,,10.241.152.0 255.255.255.0,,,E.XSYS,IT-NCR-2018-[T]1407
CT03CASH2,Net_10.241.50.0,a5e7bc6c-70d5-51e8-32f0-b37422873d84,,,,10.241.50.0 255.255.255.0,,,E.EMFTProxy.CASH2,IT-NCR-2018-[T]1407
CT03CASH2,Host_10.91.35.11,acdbaa4c-70d5-51e8-a03f-4e97685d230d,,,,10.91.35.11 255.255.255.255,,,I.BCAN,IT-NCR-2018-[T]1407
CT03CASH2,Net_10.91.35.0,b97cd38e-70d5-51e8-7284-b0bacdeba0e0,,,,10.91.35.0 255.255.255.0,,,I.BCAN,IT-NCR-2018-[T]1407
CT03CASH2,Range_192.168.25.173-175,2a0fd9a6-7654-51e8-905f-e6643e53ce53,iprange,192.168.25.173,192.168.25.175,,,,E.UCN,IT-NCR-2018-[T]1407
CT03CASH2,Range_192.168.66.28-30,2e56bb1a-7654-51e8-2549-ccdd0ff246d5,iprange,192.168.66.28,192.168.66.30,,,,E.UCN,IT-NCR-2018-[T]1407
CT03CASH2,Host_10.241.50.241,708f48c8-7bd4-51e8-2120-bc52325551ac,,,,10.241.50.241 255.255.255.255,,,E.EMFTProxy.CASH2,
CT03CASH2,Host_10.164.129.82,f452b3de-a2cb-51e8-eaba-502970ca6ef9,,,,10.164.129.82 255.255.255.255,,,E.NMC,
CT03CASH2,Range_10.64.24.73-74,c334219c-c3e2-51e8-45ef-54bea33dc727,iprange,10.64.24.73,10.64.24.74,,,,E.NMC,
CT03CASH2,Host_192.168.25.14,34088f02-c3e3-51e8-e1ca-07d350d12c81,,,,192.168.25.14 255.255.255.255,,,E.UCN,
CT03CASH2,Net_10.2.150.0,9eba195c-c8e2-51e8-d4be-732f3a352146,,,,10.2.150.0 255.255.255.0,,,I.TOFAPP,
CT03CASH2,Range_10.2.90.94-95,a1956a3c-c8e2-51e8-279a-b0dc8d0a1249,iprange,10.2.90.94,10.2.90.95,,,,I.CASH.Trust2,
CT03CASH2,Host_10.2.150.20,a4fa5836-c8e2-51e8-03d9-d9b741944c70,,,,10.2.150.20 255.255.255.255,,,I.TOFAPP,
CT03CASH2,Net_10.63.133.0,e5040936-c8e2-51e8-650b-dbd3a75091f8,,,,10.63.133.0 255.255.255.0,,,E.TOF1,
CT03CASH2,Net_10.68.46.0,4786f734-cec0-51e8-d340-ad6b0e5980b5,,,,10.68.46.0 255.255.255.0,,,E.OMDD4,
CT03CASH2,Host_10.1.115.21,ef0d2ada-df43-51e8-140d-180002ebed0d,,,,10.1.115.21 255.255.255.255,,,I.MMDHPLT,IT-NCR-2018-[T]2011
CT03CASH2,Host_10.1.115.22,f5417a8c-df43-51e8-8716-141b85b4ecfc,,,,10.1.115.22 255.255.255.255,,,I.MMDHPLT,IT-NCR-2018-[T]2011
CT03CASH2,Range_10.1.89.117-118,f8a7e904-df43-51e8-e490-e83ebb701b0a,iprange,10.1.89.117,10.1.89.118,,,,I.CASH.Trust2,IT-NCR-2018-[T]2011
CT03CASH2,Host_10.1.150.26,2652668a-f4df-51e8-3dfd-9a4a0a5ae7fc,,,,10.1.150.26 255.255.255.255,,,E.SMARTS,
CT03CASH2,Host_192.168.214.9,e53e91b8-f4df-51e8-8c5e-1f01bed44491,,,,192.168.214.9 255.255.255.255,,,E.UCN,
CT03CASH2,Host_10.90.21.42,c187f20e-f4e0-51e8-94c4-74fe323f43ad,,,,10.90.21.42 255.255.255.255,,,I.OAdmWEB,
CT03CASH2,Host_192.168.25.203,82bd6ed0-f4e2-51e8-fdf4-63f9229c4311,,,,192.168.25.203 255.255.255.255,,,E.UCN,
CT03CASH2,Range_10.1.88.117-118,7f84bb70-0558-51e9-b501-8e50e644ef90,iprange,10.1.88.117,10.1.88.118,,,,I.CASH.Trust2,
CT03CASH2,Range_10.1.101.21-22,84d3e678-0558-51e9-7efe-c6da06cafa10,iprange,10.1.101.21,10.1.101.22,,,,E.CSC3,
CT03CASH2,Range_10.2.101.21-22,8ac09c20-0558-51e9-c0af-3fc49dac948d,iprange,10.2.101.21,10.2.101.22,,,,E.CSC3,
CT03CASH2,Range_10.1.102.21-22,84b12090-0add-51e9-2d46-14545e06dde0,iprange,10.1.102.21,10.1.102.22,,,,E.CSC3,
CT03CASH2,Range_10.2.102.21-22,8b93a57c-0add-51e9-54f4-b7e4ab712ceb,iprange,10.2.102.21,10.2.102.22,,,,E.CSC3,
CT03CASH2,Net_10.244.0.0/15,43b130b0-42a7-51e9-dc5f-834bf007ff8f,,,,10.244.0.0 255.254.0.0,,,I.CCI,
CT03CASH2,Net_10.248.0.0/15,4c40f724-42a7-51e9-db3d-d8a1d1a010f2,,,,10.248.0.0 255.254.0.0,,,I.CCI,
CT03CASH2,Host_10.245.132.85,51a3315a-42a7-51e9-dbaf-b645095ce4a7,,,,10.245.132.85 255.255.255.255,,,I.CCI,WBMCAPP102
CT03CASH2,Host_10.245.132.86,58bbc75e-42a7-51e9-ccf4-b05fd9a85cfc,,,,10.245.132.86 255.255.255.255,,,I.CCI,WBMCAPP103
CT03CASH2,Host_10.249.132.52,5d8dee9c-42a7-51e9-c456-465ba77ec950,,,,10.249.132.52 255.255.255.255,,,I.CCI,WBMCAPP202
CT03CASH2,Host_10.249.132.53,c7ff3fba-42a7-51e9-bbca-68182aa4265f,,,,10.249.132.53 255.255.255.255,,,I.CCI,WBMCAPP203
CT03CASH2,Host_10.70.12.30,295d31be-42ac-51e9-78b8-e7e5ab9e0818,,,,10.70.12.30 255.255.255.255,,,I.TOFAPP,
CT03CASH2,Net_10.204.130.0,2a7a6512-4761-51e9-451b-7f6ea0f01587,,,,10.204.130.0 255.255.255.0,,,I.CASH.Trust2,
CT03CASH2,Net_10.204.131.0,31a65e86-4761-51e9-adb8-e2db8d40c00e,,,,10.204.131.0 255.255.255.0,,,I.CASH.Trust2,
CT03CASH2,Net_10.90.30.0,2986fade-4762-51e9-7bdf-bf5f3572d0e3,,,,10.90.30.0 255.255.255.0,,,I.CASH.Trust2,
CT03CASH2,Range_192.168.35.21-26,aef21af0-4762-51e9-8244-96a99cf63f52,iprange,192.168.35.21,192.168.35.26,,,,E.UCN,
CT03CASH2,Host_192.168.166.74,7b292ab4-4763-51e9-d35a-190c9d5761e3,,,,192.168.166.74 255.255.255.255,,,E.UCN,
CT03CASH2,Host_192.168.188.74,d9028e46-4763-51e9-de65-2dfa22ab475d,,,,192.168.188.74 255.255.255.255,,,E.UCN,
CT03CASH2,Host_192.168.166.219,69dff958-4764-51e9-1e3a-f2a42ea4aedc,,,,192.168.166.219 255.255.255.255,,,E.UCN,
CT03CASH2,Range_192.168.166.184-185,1030ef6a-4765-51e9-2c67-0288a410a9d1,iprange,192.168.166.184,192.168.166.185,,,,E.UCN,
CT03CASH2,Host_10.245.79.24,dd7d48ee-4cd6-51e9-ca13-69049f64a445,,,,10.245.79.24 255.255.255.255,,,I.CCI,
CT03CASH2,Host_10.249.79.24,e42e56ec-4cd6-51e9-1897-a132b2d83784,,,,10.249.79.24 255.255.255.255,,,I.CCI,
CT03CASH2,Host_10.245.127.67,e42f024a-4cd6-51e9-53e7-01d31f2715cc,,,,10.245.127.67 255.255.255.255,,,I.CCI,
CT03CASH2,Host_10.249.127.51,e42f5e3e-4cd6-51e9-c570-f0589f875e23,,,,10.249.127.51 255.255.255.255,,,I.CCI,
CT03CASH2,Host_10.245.79.99,e42fb582-4cd6-51e9-2527-3738aac64d17,,,,10.245.79.99 255.255.255.255,,,I.CCI,
CT03CASH2,Host_10.245.127.83,e4300dac-4cd6-51e9-7199-4c3ab22f8979,,,,10.245.127.83 255.255.255.255,,,I.CCI,
CT03CASH2,Host_10.245.127.84,e4307062-4cd6-51e9-4503-e4d2463ccdc4,,,,10.245.127.84 255.255.255.255,,,I.CCI,
CT03CASH2,Host_10.245.79.19,e430d0b6-4cd6-51e9-32e7-e46834d04a3b,,,,10.245.79.19 255.255.255.255,,,I.CCI,
CT03CASH2,Host_10.245.79.20,e431301a-4cd6-51e9-5c59-8737a4204824,,,,10.245.79.20 255.255.255.255,,,I.CCI,
CT03CASH2,Host_10.249.79.19,e43190f0-4cd6-51e9-2ce2-6d0ed4da0caa,,,,10.249.79.19 255.255.255.255,,,I.CCI,
CT03CASH2,Host_10.249.239.19,e431f2ca-4cd6-51e9-9380-613fe6416cc6,,,,10.249.239.19 255.255.255.255,,,I.CCI,
CT03CASH2,Range_10.2.89.117-118,8f62bbf2-4cd7-51e9-9b35-1be162514df6,iprange,10.2.89.117,10.2.89.118,,,,I.CASH.Trust2,
CT03OTPC,none,e11a4ce2-49a2-51e7-9179-3c342a448335,,,,0.0.0.0 255.255.255.255,,,,
CT03OTPC,adobe,e11a5e94-49a2-51e7-d565-7ffb16b131c5,wildcard-fqdn,,,,*.adobe.com,,,
CT03OTPC,Adobe Login,e11a6fe2-49a2-51e7-fa39-7dfc719bcd09,wildcard-fqdn,,,,*.adobelogin.com,,,
CT03OTPC,android,e11a80e0-49a2-51e7-3e43-37725e2ef064,wildcard-fqdn,,,,*.android.com,,,
CT03OTPC,apple,e11a91c0-49a2-51e7-d7cb-941b12ab1bc5,wildcard-fqdn,,,,*.apple.com,,,
CT03OTPC,appstore,e11aa2c8-49a2-51e7-2a80-1cee71fe9acb,wildcard-fqdn,,,,*.appstore.com,,,
CT03OTPC,auth.gfx.ms,e11ab420-49a2-51e7-1c0b-8390a4b73585,fqdn,,,,,auth.gfx.ms,,
CT03OTPC,autoupdate.opera.com,e11ac596-49a2-51e7-65dc-149f9ba4c034,fqdn,,,,,autoupdate.opera.com,,
CT03OTPC,citrix,e11ad6e4-49a2-51e7-f564-61eb35b125f2,wildcard-fqdn,,,,*.citrixonline.com,,,
CT03OTPC,dropbox.com,e11ae7b0-49a2-51e7-fba6-b294e7d7c8e4,wildcard-fqdn,,,,*.dropbox.com,,,
CT03OTPC,eease,e11af89a-49a2-51e7-0f8a-ea9260e4151b,wildcard-fqdn,,,,*.eease.com,,,
CT03OTPC,firefox update server,e11b0998-49a2-51e7-c840-09be6e10d902,wildcard-fqdn,,,,aus*.mozilla.org,,,
CT03OTPC,fortinet,e11b1ab4-49a2-51e7-aebe-703ff9c36a96,wildcard-fqdn,,,,*.fortinet.com,,,
CT03OTPC,googleapis.com,e11b2bd0-49a2-51e7-2742-9bd5b44e8dd4,wildcard-fqdn,,,,*.googleapis.com,,,
CT03OTPC,google-drive,e11b3cd8-49a2-51e7-9967-7db6bb68da48,wildcard-fqdn,,,,*drive.google.com,,,
CT03OTPC,google-play,e11b5088-49a2-51e7-89a4-14d0ee5f11e4,fqdn,,,,,play.google.com,,
CT03OTPC,google-play2,e11b61cc-49a2-51e7-5724-23910e5b9bfe,wildcard-fqdn,,,,*.ggpht.com,,,
CT03OTPC,google-play3,e11b7310-49a2-51e7-6f0e-3101ee867213,wildcard-fqdn,,,,*.books.google.com,,,
CT03OTPC,Gotomeeting,e11b83e6-49a2-51e7-3ee8-f0d5dddf520b,wildcard-fqdn,,,,*.gotomeeting.com,,,
CT03OTPC,icloud,e11b94bc-49a2-51e7-6965-e47861500aa9,wildcard-fqdn,,,,*.icloud.com,,,
CT03OTPC,itunes,e11ba57e-49a2-51e7-391f-bd592cd66eb2,wildcard-fqdn,,,,*itunes.apple.com,,,
CT03OTPC,microsoft,e11bb64a-49a2-51e7-da40-ba02dcc032ad,wildcard-fqdn,,,,*.microsoft.com,,,
CT03OTPC,skype,e11bc70c-49a2-51e7-138b-c93501312a24,wildcard-fqdn,,,,*.messenger.live.com,,,
CT03OTPC,softwareupdate.vmware.com,e11bd80a-49a2-51e7-d6ed-3acd7d03dff8,fqdn,,,,,softwareupdate.vmware.com,,
CT03OTPC,swscan.apple.com,e11be944-49a2-51e7-69b7-6b19b562fce0,fqdn,,,,,swscan.apple.com,,
CT03OTPC,update.microsoft.com,e11bfa9c-49a2-51e7-bd40-ef83d0316453,fqdn,,,,,update.microsoft.com,,
CT03OTPC,verisign,e11c0bcc-49a2-51e7-9b6f-0b5aa341a0e4,wildcard-fqdn,,,,*.verisign.com,,,
CT03OTPC,Windows update 2,e11c1ca2-49a2-51e7-830b-f5cd85baef3c,wildcard-fqdn,,,,*.windowsupdate.com,,,
CT03OTPC,live.com,e11c2d96-49a2-51e7-bcd1-49892add8d62,wildcard-fqdn,,,,*.live.com,,,
CT03OTPC,SSLVPN_TUNNEL_ADDR1,e16b4b4c-49a2-51e7-c2da-519700089a09,iprange,10.212.134.200,10.212.134.210,,,,ssl.CT03OTPC,
CT03OTPC,all,e16b6618-49a2-51e7-3fc0-18142f0a5bff,,,,,,,,
CT03OTPC,Net_10.90.10.0/23,68388c1e-686d-51e7-2d39-3a724c79f41b,,,,10.90.10.0 255.255.254.0,,,I.CASH.OTPC,"Spine OTPC, v1301"
CT03OTPC,Net_10.91.10.0/23,684e9d74-686d-51e7-675b-e7a3d086c5b6,,,,10.91.10.0 255.255.254.0,,,I.CASH.OTPC,"Spine OTPC, PCCWT"
CT03OTPC,Host_192.168.150.226,685f4548-686d-51e7-6289-3484c2985426,,,,192.168.150.226 255.255.255.255,,,E.UCN,UCN
CT03OTPC,Host_192.168.188.226,686ff0c8-686d-51e7-dc4a-d9477d05b090,,,,192.168.188.226 255.255.255.255,,,E.UCN,UCN
CT03OTPC,Host_192.168.150.225,68809950-686d-51e7-aea9-8124e8fc2fe4,,,,192.168.150.225 255.255.255.255,,,E.UCN,UCN
CT03OTPC,Host_192.168.188.225,68914318-686d-51e7-8fed-d90503dd18ab,,,,192.168.188.225 255.255.255.255,,,E.UCN,UCN
CT03OTPC,Host_192.168.150.230,68a1ecb8-686d-51e7-7f2b-26c3de8b9e57,,,,192.168.150.230 255.255.255.255,,,E.UCN,UCN
CT03OTPC,Host_192.168.188.230,68b2968a-686d-51e7-650c-a76ab42b06d7,,,,192.168.188.230 255.255.255.255,,,E.UCN,UCN
CT03OTPC,Host_10.164.1.100,68c33e54-686d-51e7-1f01-20376cbae849,,,,10.164.1.100 255.255.255.255,,,E.NMC,TKO Time Server
CT03OTPC,Host_10.164.129.100,68d3ef42-686d-51e7-484e-ef23e987060e,,,,10.164.129.100 255.255.255.255,,,E.NMC,CES Time Server
CT03OTPC,Host_10.164.1.1,68e4b6e2-686d-51e7-ff4f-235dc38539bb,,,,10.164.1.1 255.255.255.255,,,E.NMC,TKO Networker
CT03OTPC,Host_10.164.1.2,68f55f24-686d-51e7-9472-1cacd559dfb0,,,,10.164.1.2 255.255.255.255,,,E.NMC,TKO Networker
CT03OTPC,Host_10.164.1.3,69060ab8-686d-51e7-8737-0ae31a6faf5c,,,,10.164.1.3 255.255.255.255,,,E.NMC,TKO Networker
CT03OTPC,Host_10.164.1.37,6916b2be-686d-51e7-f3ad-9eb7f77a218e,,,,10.164.1.37 255.255.255.255,,,E.NMC,TKO Networker
CT03OTPC,Host_10.164.1.38,69275af6-686d-51e7-43c6-fac192b958f1,,,,10.164.1.38 255.255.255.255,,,E.NMC,TKO Networker
CT03OTPC,Host_10.164.129.1,69380676-686d-51e7-846e-236b03e8f5e4,,,,10.164.129.1 255.255.255.255,,,E.NMC,CES Networker
CT03OTPC,Host_10.164.129.2,6948ae0e-686d-51e7-b886-3ecf10b15266,,,,10.164.129.2 255.255.255.255,,,E.NMC,CES Networker
CT03OTPC,Host_10.164.129.3,69595b28-686d-51e7-4bb3-211f116b8b30,,,,10.164.129.3 255.255.255.255,,,E.NMC,CES Networker
CT03OTPC,Host_10.164.129.37,696a00f4-686d-51e7-1a36-32e733f3ceb2,,,,10.164.129.37 255.255.255.255,,,E.NMC,CES Networker
CT03OTPC,Host_10.164.129.38,697aac06-686d-51e7-d818-b1231d096670,,,,10.164.129.38 255.255.255.255,,,E.NMC,CES Networker
CT03OTPC,Host_10.164.1.21,698b525e-686d-51e7-d2fe-5d2ca2e75f16,,,,10.164.1.21 255.255.255.255,,,E.NMC,TKO pctmrep001
CT03OTPC,Host_10.164.129.21,699c0554-686d-51e7-c978-b1d420cacc55,,,,10.164.129.21 255.255.255.255,,,E.NMC,CES sctmrep001
CT03OTPC,Host_10.164.1.26,69aca594-686d-51e7-8d47-7da697e11325,,,,10.164.1.26 255.255.255.255,,,E.NMC,NMC
CT03OTPC,Host_10.164.130.26,69bd4fb6-686d-51e7-807f-70b7a7f3214e,,,,10.164.130.26 255.255.255.255,,,E.NMC,NMC
CT03OTPC,Host_10.164.1.36,69cdfdc0-686d-51e7-3af6-363f94d2dbd0,,,,10.164.1.26 255.255.255.255,,,E.NMC,NMC
CT03OTPC,Host_10.164.130.36,69def03a-686d-51e7-4808-6bdbfc7c8262,,,,10.164.130.26 255.255.255.255,,,E.NMC,NMC
CT03OTPC,Net_10.63.142.0,69ef97d2-686d-51e7-4d21-94f301d5813b,,,,10.63.142.0 255.255.255.0,,,E.NMC,NMC
CT03OTPC,Net_10.163.143.0,6a00424e-686d-51e7-3572-2ee115fedbd7,,,,10.163.143.0 255.255.255.0,,,E.NMC,NMC
CT03OTPC,Range_192.168.35.21-22,dd3d092a-6cf2-51e7-8096-5d0055881928,iprange,192.168.35.21,192.168.35.22,,,,E.UCN,ESQ AD SCORADC1-2
CT03OTPC,Host_192.168.176.51,dd54aac6-6cf2-51e7-5592-8e50a4e69a2d,,,,192.168.176.51 255.255.255.255,,,E.UCN,TKO AD SDDC0024
CT03OTPC,Host_192.168.176.55,dd65273e-6cf2-51e7-23ae-527f2c67719f,,,,192.168.176.55 255.255.255.255,,,E.UCN,TKO AD SDDC0025
CT03OTPC,Net_192.168.150.0,dd752daa-6cf2-51e7-efca-4356664d7c51,,,,192.168.150.0 255.255.255.0,,,E.UCN,TKO NM UCN
CT03OTPC,Net_192.168.143.0,dd86bef8-6cf2-51e7-1b20-e2ae716c1ea9,,,,192.168.143.0 255.255.255.0,,,E.UCN,TKO NM UCN
CT03OTPC,Net_192.168.166.0,dd9697ce-6cf2-51e7-2f32-f39ee05f9841,,,,192.168.166.0 255.255.255.0,,,E.UCN,TKO NM UCN
CT03OTPC,Net_192.168.188.0,dda84334-6cf2-51e7-4c0a-3329a9cfa7d8,,,,192.168.188.0 255.255.255.0,,,E.UCN,ESQ NM UCN
CT03OTPC,Net_192.168.187.0,ddb89d1a-6cf2-51e7-79ac-8deb09f6b178,,,,192.168.187.0 255.255.255.0,,,E.UCN,ESQ NM UCN
CT03OTPC,Host_192.168.150.36,ddc8caf0-6cf2-51e7-d4c0-79f0b0b18f0b,,,,192.168.150.36 255.255.255.255,,,E.UCN,TKO SCOM SOPMAPP1
CT03OTPC,Host_192.168.188.36,ddd9e0ba-6cf2-51e7-2ec8-c7fbbf394065,,,,192.168.188.36 255.255.255.255,,,E.UCN,ESQ SCOM SOPMAPP3
CT03OTPC,Host_192.168.166.74,ddea8690-6cf2-51e7-dcad-d04fc80e4a9f,,,,192.168.166.74 255.255.255.255,,,E.UCN,TKO Trend Micro SOFSATV1
CT03OTPC,Host_192.168.188.74,ddfb243c-6cf2-51e7-405d-149a84ce1a37,,,,192.168.188.74 255.255.255.255,,,E.UCN,ESQ Trend Micro SOFSATV2
CT03OTPC,Range_192.168.150.131-132,de0c8c68-6cf2-51e7-504e-95220c01d896,iprange,192.168.150.131,192.168.150.132,,,,E.UCN,TKO KMS SKMS0001-2
CT03OTPC,Range_192.168.166.53-54,de1e3de6-6cf2-51e7-5eae-977d7a8fa6f6,iprange,192.168.166.53,192.168.166.54,,,,E.UCN,TKO SCCM SSCMAPP1 SSCMSQL1
CT03OTPC,Host_192.168.150.94,de32b1f4-6cf2-51e7-4a94-99650cb71633,,,,192.168.150.94 255.255.255.255,,,E.UCN,TKO Patch Man SPAT0001
CT03OTPC,Range_192.168.188.25-26,de42dc3c-6cf2-51e7-a78e-5be15338e1b8,iprange,192.168.188.25,192.168.188.26,,,,E.UCN,ESQ Patch Man SPATDIS1-2
CT03OTPC,Net_192.168.0.0/16,de555038-6cf2-51e7-a6cd-54f80788c499,,,,192.168.0.0 255.255.0.0,,,E.UCN,UCN
CT03OTPC,Net_10.164.1.0,863ce5b0-6de6-51e7-d033-de615a0958c1,,,,10.164.1.0 255.255.255.0,,,E.NMC,
CT03OTPC,Net_10.164.129.0,993b674a-6de6-51e7-d824-11fbee82850a,,,,10.164.129.0 255.255.255.0,,,E.NMC,
CT03OTPC,Range_10.90.20.39-40,b4b1151a-6de6-51e7-b8c6-72c6f3ddd881,iprange,10.90.20.39,10.90.20.40,,,,I.OADMAPP,
CT03OTPC,Range_10.90.19.35-36,d54df55e-6de6-51e7-cecb-ee971873d7b8,iprange,10.90.19.35,10.90.19.36,,,,I.CASH.OTPC,
CT03OTPC,Range_10.90.19.17-25,e91be1cc-6de6-51e7-02eb-aed2227c0bb8,iprange,10.90.19.17,10.90.19.25,,,,I.CASH.OTPC,
CT03OTPC,Range_10.90.19.37-42,17079e28-6de7-51e7-f47b-0cb1135a069d,iprange,10.90.19.37,10.90.19.42,,,,I.CASH.OTPC,
CT03OTPC,Net_10.90.18.0/23,d2d58080-6deb-51e7-5247-29903dae97d5,,,,10.90.18.0 255.255.254.0,,,I.CASH.OTPC,
CT03OTPC,Net_10.70.2.0,ed562298-6deb-51e7-82d3-e790998378bd,,,,10.70.2.0 255.255.255.0,,,I.TOFAPP,
CT03OTPC,Net_10.70.12.0,fa224a6a-6deb-51e7-bd03-b18d8823a854,,,,10.70.12.0 255.255.255.0,,,I.TOFAPP,
CT03OTPC,Net_10.90.20.0,184f49ac-6dec-51e7-7efd-092a43192d4f,,,,10.90.20.0 255.255.255.0,,,I.OADMAPP,
CT03OTPC,Range_10.70.12.61-62,4d178f5a-6dec-51e7-d3be-86a9272f2be6,iprange,10.70.12.61,10.70.12.62,,,,I.TOFAPP,
CT03OTPC,Range_10.70.2.61-62,6b86bae2-6dec-51e7-8b27-2720bcc8954d,iprange,10.70.2.61,10.70.2.62,,,,I.TOFAPP,
CT03OTPC,Range_10.91.19.35-36,fe78a3b0-6dec-51e7-f324-89734588a28a,iprange,10.91.19.35,10.91.19.36,,,,I.CASH.OTPC,
CT03OTPC,Range_10.90.19.17-18,41e34858-6ded-51e7-dae9-e7a04bbf5ccb,iprange,10.90.19.17,10.90.19.18,,,,I.CASH.OTPC,
CT03OTPC,Range_10.70.2.33-34,6076d1e6-6ee1-51e7-3a2b-0a724f599a8e,iprange,10.70.2.33,10.70.2.34,,,,I.TOFAPP,
CT03OTPC,Range_10.70.12.33-34,707ca49e-6ee1-51e7-1d8b-506b28354aad,iprange,10.70.12.33,10.70.12.34,,,,I.TOFAPP,
CT03OTPC,Range_192.168.176.52~53,20f69648-6ee4-51e7-42ab-679131597058,iprange,192.168.176.52,192.168.176.53,,,,E.UCN,
CT03OTPC,Range_192.168.35.23-24,ef13eed2-6ee8-51e7-5fe9-3f3d2e780d5d,iprange,192.168.35.23,192.168.35.24,,,,E.UCN,
CT03OTPC,Range_10.90.21.39-40,da93849c-7ebd-51e7-d21f-4d1ee90fee92,iprange,10.90.21.39,10.90.21.40,,,,I.OADMAPP,
CT03OTPC,Range_10.91.20.39-40,27e7cd56-7f64-51e7-0097-cfc70c58afd4,iprange,10.91.20.39,10.91.20.40,,,,I.OADMAPP,
CT03OTPC,Range_10.63.142.16-19,99e9966a-849a-51e7-2164-690d533d59aa,iprange,10.63.142.16,10.63.142.19,,,,E.NMC,
CT03OTPC,Host_10.63.142.38,c5cc6c08-849a-51e7-40e4-be073dba938f,,,,10.63.142.38 255.255.255.255,,,E.NMC,
CT03OTPC,Host_10.163.143.14,ed3cfb22-849a-51e7-3d40-1316a0266071,,,,10.163.143.14 255.255.255.255,,,E.NMC,
CT03OTPC,Range_10.163.143.22-25,433d945a-849b-51e7-6f63-3921d81f6566,iprange,10.163.143.22,10.163.143.25,,,,E.NMC,
CT03OTPC,Host_10.164.1.23,6d683d20-849b-51e7-67f7-48f59bde7def,,,,10.164.1.23 255.255.255.255,,,E.NMC,
CT03OTPC,Host_10.164.130.23,b9a184ee-849b-51e7-9afe-05aabc41ba52,,,,10.164.130.23 255.255.255.255,,,E.NMC,
CT03OTPC,Host_10.164.1.51,cc322c94-849b-51e7-614c-a3520fd72f0f,,,,10.164.1.51 255.255.255.255,,,E.NMC,
CT03OTPC,Host_10.164.130.51,fd05f3a0-849b-51e7-4c15-2497dbc0c93b,,,,10.164.130.51 255.255.255.255,,,E.NMC,
CT03OTPC,Range_10.90.25.39-40,f27f8834-84a4-51e7-feeb-c5abcf183d51,iprange,10.90.25.39,10.90.25.40,,,,I.OADMAPP,
CT03OTPC,Range_10.90.22.39-40,08f697b0-84a5-51e7-89d6-576fc19d6e5a,iprange,10.90.22.39,10.90.22.40,,,,I.OADMWEB,
CT03OTPC,Host_10.91.11.35,7f11ed32-84a5-51e7-fecc-bb6dce79afe3,,,,10.91.11.35 255.255.255.255,,,I.CASH.OTPC,
CT03OTPC,Host_10.90.11.35,8f7fd256-84a5-51e7-0bc8-73a9b0b1a7c0,,,,10.90.11.35 255.255.255.255,,,I.CASH.OTPC,
CT03OTPC,Host_192.168.176.81,07eabb5c-8d61-51e7-8174-a691c7ceff75,,,,192.168.176.81 255.255.255.255,,,E.UCN,
CT03OTPC,Host_192.168.176.121,4ea9f850-8d61-51e7-647e-a29b7ca68c4e,,,,192.168.176.121 255.255.255.255,,,E.UCN,
CT03OTPC,Host_192.168.150.109,6f6eb544-8d61-51e7-9334-49f98c2db289,,,,192.168.150.109 255.255.255.255,,,E.UCN,
CT03OTPC,Host_192.168.214.6,b9bd711c-8d61-51e7-472e-b76b74adb496,,,,192.168.214.6 255.255.255.255,,,E.UCN,
CT03OTPC,Host_192.168.214.7,d2fd6286-8d61-51e7-5fbf-1d2375724ba9,,,,192.168.214.7 255.255.255.255,,,E.UCN,
CT03OTPC,Range_10.70.12.1-2,703022d8-8ee7-51e7-6c71-2ac158d5a4f3,iprange,10.70.12.1,10.70.12.2,,,,I.TOFAPP,
CT03OTPC,Host_10.63.142.210,fe9ba060-9914-51e7-3a77-e4f3e6d4c443,,,,10.63.142.210 255.255.255.255,,,E.NMC,
CT03OTPC,Host_10.163.143.210,190ffefa-9915-51e7-e33c-92fe59e1228b,,,,10.163.143.210 255.255.255.255,,,E.NMC,
CT03OTPC,Range_10.90.11.35-36,edeb0d90-9de8-51e7-9b9f-daf416753d4d,iprange,10.90.11.35,10.90.11.36,,,,I.CASH.OTPC,
CT03OTPC,Range_10.164.12.81-82,c095f532-a354-51e7-45d3-291fd7ad5c38,iprange,10.164.12.81,10.164.12.82,,,,,
CT03OTPC,Range_10.164.141.81-82,05a9d42c-a355-51e7-135c-41cf7ca1e0a5,iprange,10.164.141.81,10.164.141.82,,,,,
CT03OTPC,Net_10.90.22.0,07429d02-ab32-51e7-7c3a-acfb0a608fb3,,,,10.90.22.0 255.255.255.0,,,I.OADMWEB,
CT03OTPC,Net_10.90.25.0,a91ed29e-ab32-51e7-34bc-51e5877f0756,,,,10.90.25.0 255.255.255.0,,,I.OADMAPP,
CT03OTPC,Range_10.90.22.41-42,d7cf8f1c-b61c-51e7-08f6-15d5d4f74d47,iprange,10.90.22.41,10.90.22.42,,,,I.OADMWEB,
CT03OTPC,Host_10.193.49.21,e2ca6042-bab6-51e7-9515-f2ab6123f15c,,,,10.193.49.21 255.255.255.255,,,E.UCN,
CT03OTPC,Net_10.193.49.0,435ffab6-bab7-51e7-bbfa-96818407f00b,,,,10.193.49.0 255.255.255.0,,,E.UCN,
CT03OTPC,Host_10.164.11.85,c5a58bb4-bbb9-51e7-b62f-54db68a03330,,,,10.164.11.85 255.255.255.255,,,I.CNMC,
CT03OTPC,Host_10.164.12.95,d9f552d4-bbb9-51e7-9707-3dc51fde53dd,,,,10.164.12.95 255.255.255.255,,,I.CNMC,
CT03OTPC,Network_10.164.0.0,43642cf6-bbc7-51e7-712a-681ba441c263,,,,10.164.0.0 255.255.0.0,,,I.CNMC,
CT03OTPC,Host_10.164.12.81,fd6f5cbe-bbe6-51e7-fcdf-3e90c19a88b9,,,,10.164.12.81 255.255.255.255,,,I.CNMC,
CT03OTPC,Host_10.164.12.82,427ed20c-bbe8-51e7-1935-5f3ad2e26c10,,,,10.164.12.82 255.255.255.255,,,I.CNMC,
CT03OTPC,Host_10.164.12.85,b535d2fc-bbf0-51e7-f035-3b4791879cc5,,,,10.164.12.85 255.255.255.255,,,I.CNMC,
CT03OTPC,Host_10.164.140.85,8ec2fb6a-bfae-51e7-03e8-9adf4e0205a0,,,,10.164.140.85 255.255.255.255,,,I.CNMC,
CT03OTPC,Host_10.164.141.81,9a48fe6c-bfae-51e7-e81e-1bbcd2378b18,,,,10.164.141.81 255.255.255.255,,,I.CNMC,
CT03OTPC,Host_10.164.141.82,a8981d86-bfae-51e7-c7ff-ab624a92d30f,,,,10.164.141.82 255.255.255.255,,,I.CNMC,
CT03OTPC,Host_10.164.141.85,b32e62b4-bfae-51e7-8cc5-60b3949b42a3,,,,10.164.141.85 255.255.255.255,,,I.CNMC,
CT03OTPC,Host_10.164.141.95,bed496ec-bfae-51e7-2b9d-ef958c19e21c,,,,10.164.141.95 255.255.255.255,,,I.CNMC,
CT03OTPC,Range_temp_10.70.12.1-2,8a619826-c051-51e7-74ac-7ded3e8bcf55,iprange,10.70.12.1,10.70.12.2,,,,E.TOF,
CT03OTPC,Range_10.90.11.111-113,fbfb46cc-c05a-51e7-fa8f-d68fa6e9a64d,iprange,10.90.11.111,10.90.11.113,,,,I.CASH.OTPC,
CT03OTPC,Range_10.90.11.151-153,3b1690fa-c05b-51e7-e7ec-a6247d7b82f8,iprange,10.90.11.151,10.90.11.153,,,,I.CASH.OTPC,
CT03OTPC,Net_temp_10.70.12.0,6aff445c-c12c-51e7-98b8-3aa458f865a6,,,,10.70.12.0 255.255.255.0,,,E.TOF,
CT03OTPC,Range_10.90.11.141-143,e770c1a2-f1ea-51e7-f251-dd87288c1b56,iprange,10.90.11.141,10.90.11.143,,,,I.CASH.OTPC,
CT03OTPC,Range_192.168.218.31-34,49aa9384-f1eb-51e7-8dca-eb18d36f5a0e,iprange,192.168.218.31,192.168.218.34,,,,E.UCN,
CT03OTPC,Range_192.168.219.31-34,687c24c6-f1eb-51e7-cd70-56458a0e0683,iprange,192.168.219.31,192.168.219.34,,,,E.UCN,
CT03OTPC,Range_10.90.11.11-13,d023d878-f225-51e7-1be9-8b1e3a8d5042,iprange,10.90.11.11,10.90.11.13,,,,I.CASH.OTPC,
CT03OTPC,Range_10.90.11.37-38,86110288-f7de-51e7-dc1a-578e4b0352d7,iprange,10.90.11.37,10.90.11.38,,,,I.CASH.OTPC,
CT03OTPC,Range_10.164.11.102-103,a2a2a0a6-5552-51e8-ae61-58824e2bec6e,iprange,10.164.11.102,10.164.11.103,,,,I.CNMC,
CT03OTPC,Range_10.164.140.102-103,abdb8052-5552-51e8-23b3-13e675e34d66,iprange,10.164.140.102,10.164.140.103,,,,I.CNMC,
CT03OTPC,Net_10.164.11.0,e5dc76bc-5552-51e8-9569-7d6bc3cdacf0,,,,10.164.11.0 255.255.255.0,,,I.CNMC,
CT03OTPC,Net_10.164.12.0,e9db7542-5552-51e8-698e-9183d58d1277,,,,10.164.12.0 255.255.255.0,,,I.CNMC,
CT03OTPC,Net_10.164.140.0,ee4bf3ea-5552-51e8-1f91-b612aa2b0836,,,,10.164.140.0 255.255.255.0,,,I.CNMC,
CT03OTPC,Net_10.164.141.0,f12e7e5c-5552-51e8-eded-0bc5af1d0138,,,,10.164.141.0 255.255.255.0,,,I.CNMC,
CT03OTPC,Host_10.164.1.200,f4da6ffc-5552-51e8-9d80-e01bf14e3f7d,,,,10.164.1.200 255.255.255.255,,,E.NMC,
CT03OTPC,Host_10.164.1.201,f9781de8-5552-51e8-96d2-fc726890fa60,,,,10.164.1.201 255.255.255.255,,,E.NMC,
CT03OTPC,Host_10.164.129.200,fe5a2478-5552-51e8-07b6-4389ec9f0a27,,,,10.164.129.200 255.255.255.255,,,E.NMC,
CT03OTPC,Host_10.164.129.201,01824338-5553-51e8-588a-78cbaf09f8d2,,,,10.164.129.201 255.255.255.255,,,E.NMC,
CT03OTPC,Net_10.163.142.0,0821de56-5553-51e8-b0a7-4b36b90a1548,,,,10.163.142.0 255.255.255.0,,,E.NMC,
CT03OTPC,Net_10.164.130.0,0bb6acc2-5553-51e8-6233-759af7b64894,,,,10.164.130.0 255.255.255.0,,,E.NMC,
CT03OTPC,Host_10.164.139.82,0acc6ea0-6052-51e8-ec0f-d4aefb434a43,,,,10.164.139.82 255.255.255.255,,,E.NMC,
CT03OTPC,Host_10.164.139.85,0df23196-6052-51e8-8474-5c9aa8b95d23,,,,10.164.139.85 255.255.255.255,,,E.NMC,
CT03OTPC,Host_10.164.129.85,12601c3e-6052-51e8-427d-c60ee1fc4fe5,,,,10.164.129.85 255.255.255.255,,,E.NMC,
CT03OTPC,Host_10.164.129.95,156d7214-6052-51e8-4fd2-ad38c3ad2850,,,,10.164.129.95 255.255.255.255,,,E.NMC,
CT03OTPC,Net_10.164.139.0,188bc5cc-6052-51e8-e7ef-aefe89a9a990,,,,10.164.139.0 255.255.255.0,,,E.NMC,
CT03OTPC,Net_10.1.127.0,55aa9b64-d95a-51e8-97be-223c24a50f19,,,,10.1.127.0 255.255.255.0,,,I.CASH.CSC,
CT03OTPC,Net_10.1.122.0,5a869bd8-d95a-51e8-89fc-65597da15a96,,,,10.1.122.0 255.255.255.0,,,I.CASH.CSC,
CT03OTPC,Range_192.168.150.225-226,5e0916dc-d95a-51e8-5d18-f52cc3e08a35,iprange,192.168.150.225,192.168.150.226,,,,E.UCN,
CT03OTPC,Range_192.168.188.225-226,6259e3c4-d95a-51e8-a80c-8972471acdf1,iprange,192.168.188.225,192.168.188.226,,,,E.UCN,
CT03OTPC,Net_10.244.0.0/15,229c1c08-42a9-51e9-8156-d65034da42bf,,,,10.244.0.0 255.254.0.0,,,I.CCI,
CT03OTPC,Net_10.248.0.0/15,2723d194-42a9-51e9-c6ca-496cad418d18,,,,10.248.0.0 255.254.0.0,,,I.CCI,
CT03OTPC,Host_10.245.132.85,2bbe0c92-42a9-51e9-9f0f-ec787f282409,,,,10.245.132.85 255.255.255.255,,,I.CCI,WBMCAPP102
CT03OTPC,Host_10.245.132.86,598e30c0-42a9-51e9-494e-b56c62fe4c1c,,,,10.245.132.86 255.255.255.255,,,I.CCI,WBMCAPP103
CT03OTPC,Host_10.249.132.52,5e7035f2-42a9-51e9-6f90-3de0d36d715f,,,,10.249.132.52 255.255.255.255,,,I.CCI,WBMCAPP202
CT03OTPC,Host_10.249.132.53,630b69a6-42a9-51e9-5d91-a38c4a002c5c,,,,10.249.132.53 255.255.255.255,,,I.CCI,WBMCAPP203
CT03OTPC,Range_192.168.35.21-26,db4c48f6-475c-51e9-50dd-7d054908ed03,iprange,192.168.35.21,192.168.35.26,,,,E.UCN,
CT03OTPC,Range_192.168.176.50-55,e5e76368-475c-51e9-527d-b2cdfe519a1f,iprange,192.168.176.50,192.168.176.55,,,,E.UCN,
CT03OTPC,Host_192.168.166.219,e9b4deee-475c-51e9-07a0-eb59dddfa84c,,,,192.168.166.219 255.255.255.255,,,E.UCN,
CT03OTPC,Range_192.168.166.184-185,edf2f7d4-475c-51e9-d974-efca30400c09,iprange,192.168.166.184,192.168.166.185,,,,E.UCN,
CT03OTPC,Net_10.90.37.0,f1965368-475c-51e9-bb89-ba0e7554cade,,,,10.90.37.0 255.255.255.0,,,I.IISCORE,
CT03OTPC,Host_10.245.79.24,80d6e0d2-4cd6-51e9-d26d-ffea52c49386,,,,10.245.79.24 255.255.255.255,,,I.CCI,
CT03OTPC,Host_10.249.79.24,8571fa32-4cd6-51e9-7cca-fddbb3b22585,,,,10.249.79.24 255.255.255.255,,,I.CCI,
CT03OTPC,Host_10.245.127.67,8824b2ec-4cd6-51e9-b5de-57cc51ce5c00,,,,10.245.127.67 255.255.255.255,,,I.CCI,
CT03OTPC,Host_10.249.127.51,95487148-4cd6-51e9-9609-cf750ec1484a,,,,10.249.127.51 255.255.255.255,,,I.CCI,
CT03OTPC,Host_10.245.79.99,98dd1674-4cd6-51e9-9127-fde00f2e8a17,,,,10.245.79.99 255.255.255.255,,,I.CCI,
CT03OTPC,Host_10.245.127.83,9b1d3ebe-4cd6-51e9-2cc3-5625d8820e7e,,,,10.245.127.83 255.255.255.255,,,I.CCI,
CT03OTPC,Host_10.245.127.84,9da794ae-4cd6-51e9-188e-f96509de2dbf,,,,10.245.127.84 255.255.255.255,,,I.CCI,
CT03OTPC,Host_10.245.79.19,a082e642-4cd6-51e9-56e4-3ab33b28ed7d,,,,10.245.79.19 255.255.255.255,,,I.CCI,
CT03OTPC,Host_10.245.79.20,a2a461a8-4cd6-51e9-e2f4-255065c73b26,,,,10.245.79.20 255.255.255.255,,,I.CCI,
CT03OTPC,Host_10.249.79.19,a51564b4-4cd6-51e9-3c66-8ef9d5051a31,,,,10.249.79.19 255.255.255.255,,,I.CCI,
CT03OTPC,Host_10.249.239.19,ac8096ce-4cd6-51e9-b749-1e3d0d62d280,,,,10.249.239.19 255.255.255.255,,,I.CCI,
