vdom,name,uuid,visibility,type,associated-interface,start-ip,end-ip,subnet,wildcard-fqdn,fqdn,comment
root,all,f06d2bc4-c571-51e7-53d4-14b3a8b86f02,,,,,,,,,
root,FIREWALL_AUTH_PORTAL_ADDRESS,edf576b2-c571-51e7-e391-629b24d11518,disable,,,,,,,,
root,SSLVPN_TUNNEL_ADDR1,edf6303e-c571-51e7-5854-79de4c684cd5,,iprange,ssl.root,10.212.134.200,10.212.134.210,,,,
root,none,f06d34ac-c571-51e7-df07-4e26f9e45c44,,,,,,0.0.0.0 255.255.255.255,,,
root,adobe,f06d3cd6-c571-51e7-67e5-4eb4f06829f1,,wildcard-fqdn,,,,,*.adobe.com,,
root,Adobe Login,f06d4596-c571-51e7-28b6-d11aea0612d7,,wildcard-fqdn,,,,,*.adobelogin.com,,
root,android,f06d4e24-c571-51e7-d717-c7940cfbcebe,,wildcard-fqdn,,,,,*.android.com,,
root,apple,f06d564e-c571-51e7-a34d-12e16d43bd23,,wildcard-fqdn,,,,,*.apple.com,,
root,appstore,f06d5e82-c571-51e7-f072-be5f95374238,,wildcard-fqdn,,,,,*.appstore.com,,
root,auth.gfx.ms,f06d66fc-c571-51e7-a5b3-13218d468774,,wildcard-fqdn,,,,,*auth.gfx.ms,,
root,autoupdate.opera.com,f06d6f8a-c571-51e7-6836-bdcfbf5693ad,,fqdn,,,,,,autoupdate.opera.com,
root,citrix,f06d7854-c571-51e7-1c33-8f75f4182fac,,wildcard-fqdn,,,,,*.citrixonline.com,,
root,dropbox.com,f06d80c4-c571-51e7-0d18-6428f2ae4c35,,wildcard-fqdn,,,,,*.dropbox.com,,
root,eease,f06d88f8-c571-51e7-ecb2-33cbf0904347,,wildcard-fqdn,,,,,*.eease.com,,
root,firefox update server,f06d917c-c571-51e7-bb35-197648fb87d8,,wildcard-fqdn,,,,,aus*.mozilla.org,,
root,fortinet,f06d99a6-c571-51e7-e58a-0f178568ba04,,wildcard-fqdn,,,,,*.fortinet.com,,
root,googleapis.com,f06da22a-c571-51e7-d125-23e56365d7db,,wildcard-fqdn,,,,,*.googleapis.com,,
root,google-drive,f06daa5e-c571-51e7-340e-3ef0bda17870,,wildcard-fqdn,,,,,*drive.google.com,,
root,google-play,f06db2ce-c571-51e7-d911-befa4c699392,,fqdn,,,,,,play.google.com,
root,google-play2,f06dbb70-c571-51e7-9dd1-b8577ab641a9,,wildcard-fqdn,,,,,*.ggpht.com,,
root,google-play3,f06dc3ae-c571-51e7-f51e-d35e8a030632,,wildcard-fqdn,,,,,*.books.google.com,,
root,Gotomeeting,f06dcbd8-c571-51e7-33e3-35b0ad1780b5,,wildcard-fqdn,,,,,*.gotomeeting.com,,
root,icloud,f06dd448-c571-51e7-293f-20f04aa9f6a2,,wildcard-fqdn,,,,,*.icloud.com,,
root,itunes,f06ddc68-c571-51e7-3fd7-48b8b72e300b,,wildcard-fqdn,,,,,*itunes.apple.com,,
root,microsoft,f06de4a6-c571-51e7-b7d4-7b5941574599,,wildcard-fqdn,,,,,*.microsoft.com,,
root,skype,f06decd0-c571-51e7-466a-a3f1f631bd86,,wildcard-fqdn,,,,,*.messenger.live.com,,
root,softwareupdate.vmware.com,f06df518-c571-51e7-f705-5bc26379a0df,,wildcard-fqdn,,,,,*softwareupdate.vmware.com,,
root,swscan.apple.com,f06dfd56-c571-51e7-2ed3-e52ea1a97c2c,,fqdn,,,,,,swscan.apple.com,
root,update.microsoft.com,f06e0616-c571-51e7-4f21-7e5b01f3a4b4,,fqdn,,,,,,update.microsoft.com,
root,verisign,f06e0e7c-c571-51e7-9310-ef8406617ac0,,wildcard-fqdn,,,,,*.verisign.com,,
root,Windows update 2,f06e16d8-c571-51e7-d7da-e4de67202fc5,,wildcard-fqdn,,,,,*.windowsupdate.com,,
root,live.com,f06e1ffc-c571-51e7-1693-217eb5563605,,wildcard-fqdn,,,,,*.live.com,,
root,DEV VM-SQL2016DEV1,5e0deb10-f5aa-51e7-d41e-b27fdecd5b37,,,Trust,,,192.168.180.127 255.255.255.255,,,
root,0.0.0.0/0,8d56801c-f5aa-51e7-9fc5-25bdd91b7208,,,Trust,,,,,,
root,0.0.0.0/32,9c79dcec-f5aa-51e7-d34e-fe8e23937386,,,Trust,,,0.0.0.0 255.255.255.255,,,
root,172.21.205.6/32,d74c58e0-f5aa-51e7-c64c-86baf07369d0,,,Trust,,,172.21.205.6 255.255.255.255,,,
root,172.21.206.0/24,fb19f188-f5aa-51e7-d592-635240699b4b,,,Trust,,,172.21.206.0 255.255.255.0,,,
root,172.21.206.12/32,1182dbec-f5ab-51e7-f4fe-ef8065c8ec0e,,,Trust,,,172.21.206.12 255.255.255.255,,,
root,172.21.206.5/32,2786a52c-f5ab-51e7-0aca-21cdba643747,,,Trust,,,172.21.206.5 255.255.255.255,,,
root,192.168.0.0/16,3addaf08-f5ab-51e7-db41-61fc238b9365,,,Trust,,,192.168.0.0 255.255.0.0,,,
root,192.168.0.0/24,55c371ae-f5ab-51e7-87c3-5faa72f4d745,,,Trust,,,192.168.0.0 255.255.255.0,,,
root,192.168.10.0/24,ca78a136-f5ab-51e7-2149-c5e1e1f11a36,,,Trust,,,192.168.10.0 255.255.255.0,,,
root,192.168.10.0/255.255.255.0,e72695ea-f5ab-51e7-62b3-ed977712fa93,,,Trust,,,192.168.10.0 255.255.255.0,,,
root,192.168.10.0/32,010f2922-f5ac-51e7-0019-fbe81fc07303,,,Trust,,,192.168.10.0 255.255.255.255,,,
root,192.168.10.115/32,112d2e9e-f5ac-51e7-e33b-b39818238870,,,Trust,,,192.168.10.115 255.255.255.255,,,
root,192.168.10.128/32,23d9d376-f5ac-51e7-e876-15551f4906ca,,,Trust,,,192.168.10.128 255.255.255.255,,,
root,192.168.10.144/32,31e9c584-f5ac-51e7-1bbd-b670f716c9cd,,,Trust,,,192.168.10.144 255.255.255.255,,,
root,192.168.10.145/32,41db5dfe-f5ac-51e7-b24d-d17b3e07abd3,,,Trust,,,192.168.10.145 255.255.255.255,,,
root,192.168.10.162/24,f1654e88-f5ac-51e7-d16b-e4aa692dbb5b,,,Trust,,,192.168.10.0 255.255.255.0,,,
root,192.168.10.162/32,034c7572-f5ad-51e7-d2da-b7f9f3104141,,,Trust,,,192.168.10.162 255.255.255.255,,,
root,192.168.10.167/32,153fd3b4-f5ad-51e7-1910-601732bc7f82,,,Trust,,,192.168.10.167 255.255.255.255,,,
root,192.168.10.31/32,aeb22f40-f5af-51e7-3689-8b67d36b5adc,,,Trust,,,192.168.10.31 255.255.255.255,,,
root,192.168.10.40/32,bd25c74e-f5af-51e7-eb63-a3ca4f9a4a21,,,Trust,,,192.168.10.40 255.255.255.255,,,
root,192.168.10.51/255.255.255.255,c91fd92c-f5af-51e7-50a6-d00422fe8b9d,,,Trust,,,192.168.10.51 255.255.255.255,,,
root,192.168.10.57/32,d835e992-f5af-51e7-7b57-1e824f5f411e,,,Trust,,,192.168.10.57 255.255.255.255,,,
root,192.168.10.61/32,0d6f00d0-f5b0-51e7-9d6e-09f772f843ba,,,Trust,,,192.168.10.61 255.255.255.255,,,
root,192.168.10.64/255.255.255.255,1a8f0daa-f5b0-51e7-71f8-a63bc7248e04,,,Trust,,,192.168.10.64 255.255.255.255,,,
root,192.168.10.70/32,2e6c17c8-f5b0-51e7-6354-59fa49489a4a,,,Trust,,,192.168.10.70 255.255.255.255,,,
root,192.168.10.71/32,440b7240-f5b0-51e7-b781-358dcef1a934,,,Trust,,,192.168.10.71 255.255.255.255,,,
root,192.168.10.81/32,54dcb1e2-f5b0-51e7-2567-a97a4e8eace6,,,Trust,,,192.168.10.81 255.255.255.255,,,
root,192.168.10.84/32,622e3622-f5b0-51e7-b4e6-356761077626,,,Trust,,,192.168.10.84 255.255.255.255,,,
root,192.168.10.85/32,7fbb4900-f5b0-51e7-a594-4f2c440dd738,,,Trust,,,192.168.10.85 255.255.255.255,,,
root,192.168.10.94/32,8cbca63a-f5b0-51e7-9424-806afa9b0ea3,,,Trust,,,192.168.10.94 255.255.255.255,,,
root,192.168.11.0/24,9bd4da7a-f5b0-51e7-4bc0-72cd56e72353,,,,,,192.168.11.0 255.255.255.0,,,
root,192.168.11.109/32,aaef4720-f5b0-51e7-c116-1736139399ef,,,Trust,,,192.168.11.109 255.255.255.255,,,
root,192.168.11.133/32,ba648b2a-f5b0-51e7-0b69-f69d01a3ac36,,,Trust,,,192.168.11.133 255.255.255.255,,,
root,192.168.11.154/32,c786c390-f5b0-51e7-0992-8cb3e3d21089,,,Trust,,,192.168.11.154 255.255.255.255,,,
root,192.168.11.167/32,daa66c14-f5b0-51e7-65dc-17bce347c7d6,,,Trust,,,192.168.11.167 255.255.255.255,,,
root,192.168.11.169-bryan test,ec50eba6-f5b0-51e7-294b-ea2ec44dfc0c,,,Trust,,,192.168.11.169 255.255.255.255,,,
root,192.168.11.176,008a0738-f5b1-51e7-110f-3cacbe7e711f,,,Trust,,,192.168.11.176 255.255.255.255,,,
root,192.168.11.222/32,0dc148b2-f5b1-51e7-b6a4-ff1da54a13c3,,,Trust,,,192.168.11.222 255.255.255.255,,,
root,192.168.11.54/32,1f112e7a-f5b1-51e7-d60e-eee18d3d83cd,,,Trust,,,192.168.11.54 255.255.255.255,,,
root,192.168.114.0/23,468b7546-f5b1-51e7-9dca-613542cfa9e6,,,Trust,,,192.168.114.0 255.255.254.0,,,
root,192.168.114.0/24,77c63efc-f5b1-51e7-7608-ad1eec88c835,,,Trust,,,192.168.114.0 255.255.255.0,,,
root,192.168.114.39/32,8812d7ac-f5b1-51e7-f3d4-e9fb2c3579c2,,,Trust,,,192.168.114.39 255.255.255.255,,,
root,192.168.12.66/32,971ffd6a-f5b1-51e7-70a2-f3192a4700c2,,,Trust,,,192.168.12.66 255.255.255.255,,,
root,192.168.140.68/32,a8157c8a-f5b1-51e7-8279-14193ff4190c,,,Trust,,,192.168.140.68 255.255.255.255,,,
root,192.168.15.0/24,b7ba4cec-f5b1-51e7-6e8c-b4da69cc541d,,,Trust,,,192.168.15.0 255.255.255.0,,,
root,192.168.15.12/32,c481138e-f5b1-51e7-5a59-9ff5a10ed9f2,,,Trust,,,192.168.15.12 255.255.255.255,,,
root,192.168.15.13/32,d021c95e-f5b1-51e7-da5c-b8b806b9397b,,,Trust,,,192.168.15.13 255.255.255.255,,,
root,192.168.15.180/32,dcf4d932-f5b1-51e7-ea59-a4481ae62031,,,Trust,,,192.168.15.180 255.255.255.255,,,
root,192.168.15.181/32,f520a892-f5b1-51e7-8cf8-c1231feb1be7,,,Trust,,,192.168.15.181 255.255.255.255,,,
root,192.168.15.182/32,fe398e6c-f5b1-51e7-82f9-6491f3a8cfd6,,,Trust,,,192.168.15.182 255.255.255.255,,,
root,192.168.15.183/32,0bc70bae-f5b2-51e7-a2a4-fa6e68640b2e,,,Trust,,,192.168.15.183 255.255.255.255,,,
root,192.168.15.184/32,18f16266-f5b2-51e7-3594-e2d1c86e384a,,,Trust,,,192.168.15.184 255.255.255.255,,,
root,192.168.15.185/32,233dc124-f5b2-51e7-c548-ace4057bc606,,,Trust,,,192.168.15.185 255.255.255.255,,,
root,192.168.15.220/255.255.255.255,34357918-f5b2-51e7-4258-b7c5776ffe80,,,Trust,,,192.168.15.220 255.255.255.255,,,
root,192.168.15.220/32,439279b0-f5b2-51e7-9944-6509a45786af,,,Trust,,,192.168.15.220 255.255.255.255,,,
root,192.168.15.24/255.255.255.255,555a7620-f5b2-51e7-fd6e-38b17f1e88b7,,,Trust,,,192.168.15.24 255.255.255.255,,,
root,192.168.150.0/24,628612a0-f5b2-51e7-a4ac-50cdba6283ed,,,Trust,,,192.168.150.0 255.255.255.0,,,
root,192.168.150.104/32,90961eec-f5b2-51e7-4aca-ba2d12d14ecb,,,Trust,,,192.168.150.104 255.255.255.255,,,
root,192.168.150.51/32,ef59f02a-f5b2-51e7-5932-e0eedf0be3c8,,,Trust,,,192.168.150.51 255.255.255.255,,,
root,192.168.150.55/32,01674506-f5b3-51e7-2e7b-9c26b7f751b1,,,Trust,,,192.168.150.55 255.255.255.255,,,
root,192.168.176.29/32,10ef09dc-f5b3-51e7-606c-defb9bc6ce4e,,,Trust,,,192.168.176.29 255.255.255.255,,,
root,192.168.176.33/32,22fac3e6-f5b3-51e7-af6e-65867124e807,,,Trust,,,192.168.176.33 255.255.255.255,,,
root,192.168.180.0/24,2f061c08-f5b3-51e7-f87f-b657c1bb3d07,,,Trust,,,192.168.180.0 255.255.255.0,,,
root,192.168.180.0/255.255.255.0,3b1cd7ca-f5b3-51e7-2618-0c5d9c35ee50,,,Trust,,,192.168.180.0 255.255.255.0,,,
root,192.168.180.151/32,4a17f7b4-f5b3-51e7-b38c-e85b5754cd8b,,,Trust,,,192.168.180.151 255.255.255.255,,,
root,192.168.30.0/24,575a25e6-f5b3-51e7-6202-774415183472,,,Trust,,,192.168.30.0 255.255.255.0,,,
root,192.168.30.0/255.255.255.0,6346d278-f5b3-51e7-1c34-fea3287bd973,,,Trust,,,192.168.30.0 255.255.255.0,,,
root,192.168.30.250 - sthmail13,78b97c64-f5b3-51e7-2835-4599b96b0257,,,Trust,,,192.168.30.250 255.255.255.255,,,STHMAIL13 Virtual IP
root,192.168.36.151/32,935801da-f5b3-51e7-ca66-26a3769cc891,,,Trust,,,192.168.36.151 255.255.255.255,,,
root,192.168.46.82/255.255.255.255,b5bf96d4-f5b3-51e7-67c4-6963f0b1e1e2,,,Trust,,,192.168.46.82 255.255.255.255,,,
root,192.168.55.0/24,c393a688-f5b3-51e7-7c4f-4cffcfa56c83,,,Trust,,,192.168.55.0 255.255.255.0,,,
root,192.168.55.0/32,ce78077e-f5b3-51e7-a001-dd720b115c86,,,Trust,,,192.168.55.0 255.255.255.255,,,
root,192.168.55.132/32,e87577ce-f5b3-51e7-5c16-f23f88e0f4f6,,,Trust,,,192.168.55.132 255.255.255.255,,,
root,192.168.55.139/32,f25f1876-f5b3-51e7-10e4-d14dbe6b2980,,,Trust,,,192.168.55.139 255.255.255.255,,,
root,192.168.55.15/255.255.255.255,fea114c2-f5b3-51e7-581a-dcdf52fd44e8,,,Trust,,,192.168.55.15 255.255.255.255,,,
root,192.168.55.15/32,0b2785dc-f5b4-51e7-dc09-2b4e3306ba7b,,,Trust,,,192.168.55.15 255.255.255.255,,,
root,192.168.55.220/255.255.255.255,161d1092-f5b4-51e7-2d68-36427e6c9d2b,,,Trust,,,192.168.55.220 255.255.255.255,,,
root,192.168.75.0/24,29613c64-f5b4-51e7-eb23-1e8f19972a43,,,Trust,,,192.168.75.0 255.255.255.0,,,
root,192.168.75.0/24 - ITSD network farm,3e56ca3a-f5b4-51e7-a89d-b8e480b1db73,,,Trust,,,192.168.75.0 255.255.255.0,,,Vpn connection to SPH
root,192.168.75.20/32,52c6ff1c-f5b4-51e7-b385-86ec4b49b872,,,Trust,,,192.168.75.20 255.255.255.255,,,
root,192.168.75.201/32,5df5fbb8-f5b4-51e7-27d9-6b50c3d78b88,,,Trust,,,192.168.75.201 255.255.255.255,,,
root,192.168.75.210/32,6942828e-f5b4-51e7-c758-72d233da8f87,,,Trust,,,192.168.75.210 255.255.255.255,,,
root,192.168.75.254/32,73f6e67a-f5b4-51e7-181b-dfefcdf21601,,,Trust,,,192.168.75.254 255.255.255.255,,,
root,192.168.75.29/32,7fd7c9dc-f5b4-51e7-d633-5fb7bc0b382d,,,Trust,,,192.168.75.29 255.255.255.255,,,
root,192_168_8_106 Suspected PC,95a2b826-f5b4-51e7-7303-1bdbea8cd4c8,,,Trust,,,192.168.8.106 255.255.255.255,,,
root,Agfa - STHAP01,a763f796-f5b4-51e7-0619-72691eaef257,,,Trust,,,192.168.176.31 255.255.255.255,,,
root,Agfa - STHAP02,b1a11fa4-f5b4-51e7-41d8-d91e7c8cb43a,,,Trust,,,192.168.176.20 255.255.255.255,,,
root,Agfa - STHCM01,e1c691dc-f5b4-51e7-9223-345c32b82113,,,Trust,,,192.168.173.33 255.255.255.255,,,
root,Agfa - STHCU01,f1703af2-f5b4-51e7-5cc6-c755b1852f49,,,Trust,,,192.168.173.33 255.255.255.255,,,
root,Backup Server,fe15643a-f5b4-51e7-c9d6-25c163f48a72,,,Trust,,,192.168.10.135 255.255.255.255,,,
root,Bryan PC,0e7cd22c-f5b5-51e7-1e18-667ced788ab6,,,Trust,,,192.168.75.23 255.255.255.255,,,
root,Cancer Centre,1fbd00d4-f5b5-51e7-5297-eb6b24156efa,,,Trust,,,192.168.16.0 255.255.255.0,,,
root,Cath Lab - ESTENSAPACS,305ca6f6-f5b5-51e7-8432-e610bc9c602a,,,Trust,,,192.168.21.8 255.255.255.255,,,
root,CyberArk -eHR_STHSVR162,426ad516-f5b5-51e7-57ab-3150c1e5f807,,,Trust,,,192.168.10.0 255.255.255.0,,,
root,Desktop Central Server,72d6ddda-f5b5-51e7-0fba-dfb682b3044f,,,Trust,,,192.168.10.129 255.255.255.255,,,
root,DICOM Gateway -Scanning - 192.168.17.41,862c013a-f5b5-51e7-ce7d-b0fe63b9b86c,,,Trust,,,192.168.17.41 255.255.255.255,,,
root,Dr Loke - 192.168.18.254,94bad1d6-f5b5-51e7-7bcd-5d06e990a2a7,,,Trust,,,192.168.18.254 255.255.255.255,,,
root,Eye_Centre_PC81,a3b7e8c2-f5b5-51e7-c215-4b5942bf504f,,,Trust,,,192.168.46.81 255.255.255.255,,,
root,Eye_Centre_PC82,adcfc122-f5b5-51e7-f72a-656c9c8b90a3,,,Trust,,,192.168.46.82 255.255.255.255,,,
root,Eye_Centre_PC83,b78d7696-f5b5-51e7-934a-16a0358664e0,,,Trust,,,192.168.46.83 255.255.255.255,,,
root,HDS - 192.168.176.9,daad7e32-f5b5-51e7-8ce0-8f699a3eac06,,,Trust,,,192.168.176.9 255.255.255.255,,,
root,HDS - Citrix,0bc41b5c-f5b6-51e7-5bce-5a91d8ae2f6b,,,Trust,,,192.168.110.33 255.255.255.255,,,
root,HDS - CTXSVR01,1a828804-f5b6-51e7-b7e6-055ffb0f5713,,,Trust,,,192.168.110.31 255.255.255.255,,,
root,HDS - SNSVR,27a2c9f4-f5b6-51e7-d44a-39aeaa049f75,,,Trust,,,192.168.110.32 255.255.255.255,,,
root,Histo_Gateway_PC,374121a8-f5b6-51e7-21e3-ad544c421724,,,Trust,,,192.168.18.20 255.255.255.255,,,
root,HL7 Gateway Svr,45f7ff50-f5b6-51e7-92c3-f75755b08031,,,Trust,,,192.168.10.107 255.255.255.255,,,
root,Infrasys - 192.168.9.21,54bd3a28-f5b6-51e7-88e8-84b18368d803,,,Trust,,,192.168.9.21 255.255.255.255,,,
root,Infrasys - 192.168.9.22,6159f8c0-f5b6-51e7-0da0-8b5ef5c0f176,,,Trust,,,192.168.9.22 255.255.255.255,,,
root,InternetUser_MainBlock_w_Int_WiFi - 192.168.15.0,762b425e-f5b6-51e7-f086-9df5d7121699,,,Trust,,,192.168.15.0 255.255.255.0,,,
root,InternetUser_OldBlock - 192.168.55.0,9ae0e798-f5b6-51e7-334a-981deac9a175,,,Trust,,,192.168.55.0 255.255.255.0,,,
root,IT Support,ace9ac40-f5b6-51e7-d9a1-457932a61c19,,,Trust,,,192.168.11.0 255.255.255.0,,,
root,IT_VPNTestPC,bbe630f6-f5b6-51e7-125c-85bbcce16889,,,Trust,,,192.168.18.19 255.255.255.255,,,
root,ITSD,c92a5616-f5b6-51e7-5029-3eb47d5faccb,,,Trust,,,192.168.75.0 255.255.255.0,,,
root,itws04,df8b491a-f5b6-51e7-a9ba-f6d85a5d9b58,,,Trust,,,192.168.15.28 255.255.255.255,,,
root,ITWS20 - KeithChow,ecb54e4c-f5b6-51e7-a4d2-2625737bbcde,,,Trust,,,192.168.75.20 255.255.255.255,,,
root,LBWS21,02b3aed2-f5b7-51e7-5cab-f4424f1f2f1e,,,Trust,,,192.168.18.82 255.255.255.255,,,
root,MailGate Appliance 1-192.168.10.132,1859dfb8-f5b7-51e7-3c73-7ff3664a1e99,,,Trust,,,192.168.10.132 255.255.255.255,,,
root,MailGate Appliance 2-192.168.10.134,33be9cf8-f5b7-51e7-6609-53ac51ffbb04,,,Trust,,,192.168.10.134 255.255.255.255,,,
root,MailGate Appliance-192.168.10.50,42f4e09c-f5b7-51e7-b5de-c594991b21b5,,,Trust,,,192.168.10.50 255.255.255.255,,,
root,MetaVista Server,598040b8-f5b7-51e7-cd35-414ce15c7510,,,Trust,,,192.168.150.51 255.255.255.255,,,
root,new MetaVista Server,775cefd2-f5b7-51e7-9881-451335ed61eb,,,Trust,,,192.168.150.53 255.255.255.255,,,
root,Omnicell - 192.168.10.72,85c259cc-f5b7-51e7-8fe7-f135f107b221,,,Trust,,,192.168.10.72 255.255.255.255,,,
root,Omnicell - 192.168.10.73,9509b1b4-f5b7-51e7-a147-99643b699329,,,Trust,,,192.168.10.73 255.255.255.255,,,
root,Omnicell - 192.168.10.78,9fad1fac-f5b7-51e7-9876-3c414d508bbe,,,Trust,,,192.168.10.78 255.255.255.255,,,
root,Omnicell - 192.168.10.79,aa521f2a-f5b7-51e7-8cf9-80345ad75bb0,,,Trust,,,192.168.10.79 255.255.255.255,,,
root,PACS network of STH-192.168.176.0,bc4c8eae-f5b7-51e7-b254-5bb09ec94b67,,,Trust,,,192.168.176.0 255.255.255.0,,,
root,Pascal Old_PC,cc6de440-f5b7-51e7-b259-676a7dfda10f,,,Trust,,,192.168.75.6 255.255.255.255,,,
root,Pascal PC,dcb91d24-f5b7-51e7-ce03-aa03553ff812,,,Trust,,,192.168.75.236 255.255.255.255,,,
root,PHWS07,ef2dd058-f5b7-51e7-27b1-aaeb73c51b18,,,Trust,,,192.168.15.150 255.255.255.255,,,
root,PHWS17,fa8bd594-f5b7-51e7-db9b-28b84ee0fba5,,,Trust,,,192.168.15.151 255.255.255.255,,,
root,PHWS23,083b370c-f5b8-51e7-f3c4-6aaca7387497,,,Trust,,,192.168.11.76 255.255.255.255,,,
root,PHWS30,141735b2-f5b8-51e7-fc57-8118ff281e43,,,Trust,,,192.168.15.153 255.255.255.255,,,
root,PHWS60,20c95236-f5b8-51e7-9c21-ec0b81b767e1,,,Trust,,,192.168.15.154 255.255.255.255,,,
root,PHWS61,2e3bb706-f5b8-51e7-d42c-bf75312809b5,,,Trust,,,192.168.15.155 255.255.255.255,,,
root,PHWS62,47b13e2c-f5b8-51e7-ad8a-06168343cb41,,,Trust,,,192.168.15.156 255.255.255.255,,,
root,PHWS66,530d8a46-f5b8-51e7-1456-843ad46f5ff8,,,Trust,,,192.168.131.52 255.255.255.255,,,
root,Physio_PC50,6626d1c8-f5b8-51e7-559d-1dade3cfab26,,,Trust,,,192.168.35.50 255.255.255.255,,,
root,Record Room RRWS01,7cbf7ca0-f5b8-51e7-af1b-38470efee00d,,,Trust,,,192.168.55.201 255.255.255.255,,,
root,Record Room RRWS04,899b6074-f5b8-51e7-f3ff-fc334274c6da,,,Trust,,,192.168.140.68 255.255.255.255,,,
root,Record Room RRWS06,99b21f7a-f5b8-51e7-3542-8fccd1821d12,,,Trust,,,192.168.15.163 255.255.255.255,,,
root,Record Room RRWS07,ae8ec0ec-f5b8-51e7-1f0c-a06a800578ee,,,Trust,,,192.168.140.61 255.255.255.255,,,
root,Record Room RRWS09,bd8ea03a-f5b8-51e7-b79b-18d14b7c5708,,,Trust,,,192.168.140.152 255.255.255.255,,,
root,Record Room RRWS14,cab8f8fa-f5b8-51e7-af66-c8d00794d950,,,Trust,,,192.168.140.62 255.255.255.255,,,
root,Record Room RRWS15,d6157c96-f5b8-51e7-4fdc-7417edd8c119,,,Trust,,,192.168.140.59 255.255.255.255,,,
root,Scanning_server 192.168.30.203,e6246462-f5b8-51e7-51c0-c0f34a4040a7,,,Trust,,,192.168.30.203 255.255.255.255,,,Scanning_server(192.168.30.203)
root,Scanning_server 192.168.30.204,0a687f34-f5b9-51e7-aed3-869f566ea8ac,,,Trust,,,192.168.30.204 255.255.255.255,,,Scanning_server(192.168.30.204)
root,SDWS41 Scanning Dept,2fc76c4a-f5b9-51e7-2786-8b1cf05b9657,,,Trust,,,192.168.17.41 255.255.255.255,,,
root,Senthil PC,3efaf3c6-f5b9-51e7-2e56-0203fc848ef5,,,Trust,,,192.168.75.4 255.255.255.255,,,
root,ServerNetwork_MainBlock,4dfd7bb4-f5b9-51e7-6d2c-8d5a8fc83f04,,,Trust,,,192.168.10.0 255.255.255.0,,,
root,ServerNetwork_OldBlock,885249b6-f5b9-51e7-dc1a-a4b76231e589,,,Trust,,,192.168.30.0 255.255.255.0,,,
root,Simen Access Control,99116b4c-f5b9-51e7-110d-02ae2f836ec9,,,Trust,,,192.168.10.42 255.255.255.255,,,
root,Site-to-site Workstation,a9571e84-f5b9-51e7-1e81-729f30b071f6,,,Trust,,,192.168.18.16 255.255.255.255,,,
root,STH,ba0203d4-f5b9-51e7-bbed-8da17ce9dcba,,,Trust,,,192.168.0.0 255.255.0.0,,,
root,STH control room PC,c77dc520-f5b9-51e7-166e-5b43ef17ade4,,,Trust,,,192.168.12.51 255.255.255.255,,,
root,STH Server VLAN75,d6435962-f5b9-51e7-d76b-daa6eb3aa747,,,Trust,,,192.168.75.0 255.255.255.0,,,
root,STH Symantec Endpoint server,e44939f0-f5b9-51e7-a179-eb8973d57b19,,,Trust,,,192.168.10.130 255.255.255.255,,,
root,STH_DC1,f06475d8-f5b9-51e7-b0dc-08023c674450,,,Trust,,,192.168.10.22 255.255.255.255,,,
root,STH_DC2,fc9e36e0-f5b9-51e7-151c-3ffc1f3306b5,,,Trust,,,192.168.30.22 255.255.255.255,,,
root,STH_DC3,0469d5fa-f5ba-51e7-eed6-5d692ee3be8f,,,Trust,,,192.168.30.11 255.255.255.255,,,
root,STH_EmailServer,1149b010-f5ba-51e7-ddfe-c9724cb3ac4b,,,Trust,,,192.168.10.31 255.255.255.255,,,STHMAIL
root,STH_TrendMicroServer,33f6b1b2-f5ba-51e7-03ab-c06601085a1e,,,Trust,,,192.168.10.63 255.255.255.255,,,STHSVR63
root,STHAS01,4acff52e-f5ba-51e7-9096-5a898b9afe02,,,Trust,,,192.168.176.25 255.255.255.255,,,
root,STHFM01,591327b4-f5ba-51e7-8e41-725dac7a178b,,,Trust,,,192.168.176.27 255.255.255.255,,,
root,STHFM02,657d949e-f5ba-51e7-f050-557a435e749d,,,Trust,,,192.168.176.29 255.255.255.255,,,
root,STHMAIL1,724b4cfc-f5ba-51e7-3685-0eaba1055a86,,,Trust,,,192.168.10.32 255.255.255.255,,,
root,STHMAIL13 - 192.168.30.250,8a7ceed4-f5ba-51e7-3359-efd54baf1bf4,,,Trust,,,192.168.30.250 255.255.255.255,,,Exchange 2013 Virtual IP
root,STHSVR83,9a2d8762-f5ba-51e7-a336-b7510d61cfcb,,,Trust,,,192.168.10.83 255.255.255.255,,,
root,sthsvr94,a7433154-f5ba-51e7-fd9c-e185cf284e85,,,Trust,,,192.168.10.94 255.255.255.255,,,
root,STHSVR97,b4c4c482-f5ba-51e7-93eb-0c475af750b8,,,Trust,,,192.168.10.97 255.255.255.255,,,
root,STHWEB,c2f2fb5a-f5ba-51e7-55af-ba836d3ceb1e,,,Trust,,,192.168.10.232 255.255.255.255,,,
root,Suspected PC By So,d6f42700-f5ba-51e7-a907-5e4cfcd10362,,,Trust,,,192.168.15.253 255.255.255.255,,,
root,Weltek - 192.168.150.61 Windows,e610c842-f5ba-51e7-3808-c2913c760c3a,,,Trust,,,192.168.150.61 255.255.255.255,,,
root,Weltek - 192.168.150.62 Windows,f737a19a-f5ba-51e7-504b-71d9b6898c97,,,Trust,,,192.168.150.62 255.255.255.255,,,
root,Weltek - 192.168.150.65 Windows,06549368-f5bb-51e7-c701-f9bb298c29c4,,,Trust,,,192.168.150.65 255.255.255.255,,,
root,Weltek - 192.168.150.66 Windows,154c05e0-f5bb-51e7-1dec-7488d8cb49d4,,,Trust,,,192.168.150.66 255.255.255.255,,,
root,Weltek - 192.168.150.67 Windows,2c765f54-f5bb-51e7-b467-061c04e9b425,,,Trust,,,192.168.150.67 255.255.255.255,,,
root,Weltek - 192.168.150.68 Linux,3af5c4f2-f5bb-51e7-4b4d-af0406cf585e,,,Trust,,,192.168.150.68 255.255.255.255,,,
root,Weltek - 192.168.150.68 Windows,4949cdaa-f5bb-51e7-ee2b-9681568350a4,,,Trust,,,192.168.150.68 255.255.255.255,,,
root,Weltek - 192.168.150.69 Linux,5ecfcc9c-f5bb-51e7-a53b-831c8dcc96cf,,,Trust,,,192.168.150.69 255.255.255.255,,,
root,Weltek - 192.168.150.69 Windows,6e272456-f5bb-51e7-c0e9-bb3e5d53e539,,,Trust,,,192.168.150.69 255.255.255.255,,,
root,Weltek - 192.168.150.71 Windows,88708e1a-f5bb-51e7-dbd1-72288872db60,,,Trust,,,192.168.150.71 255.255.255.255,,,
root,*.ehr.gov.hk,a90f8806-f5bb-51e7-9b5c-847563ae40e6,,wildcard-fqdn,Untrust,,,,*.ehr.gov.hk,,
root,0.0.0.0/0 Untrust,db963a54-f5bb-51e7-32b9-bca663fe2303,,,Untrust,,,0.0.0.0 255.255.255.0,,,
root,1.1.1.0/30,ebe61b36-f5bb-51e7-a084-c563dfb34053,,,Untrust,,,1.1.1.0 255.255.255.252,,,
root,1.2.1.0/30,594b09c0-f5cb-51e7-6ef9-81d1ecaf83f0,,,Untrust,,,1.2.1.0 255.255.255.252,,,
root,10.10.10.0/24,7f24f8e0-f5cb-51e7-95bd-f987319160ea,,,Untrust,,,10.10.10.0 255.255.255.0,,,
root,10.10.10.50/32,9290a62c-f5cb-51e7-85fc-0ecaf70122e7,,,Untrust,,,10.10.10.50 255.255.255.255,,,
root,10.22.0.0/16,a042f6c6-f5cb-51e7-b497-21f025726910,,,Untrust,,,10.22.0.0 255.255.0.0,,,
root,10.22.0.27/32,aadd2106-f5cb-51e7-f907-f00b51b113b0,,,Untrust,,,10.22.0.27 255.255.255.255,,,
root,10.66.0.0/16 - HDS,b9ebf55a-f5cb-51e7-0d01-112bf6b9ad9d,,,Untrust,,,10.66.0.0 255.255.0.0,,,
root,104.130.255.20/32,d9f05396-f5cb-51e7-1cc0-f57beb92a5c3,,,Untrust,,,104.130.255.20 255.255.255.255,,,
root,118.143.72.250/32,e63519d4-f5cb-51e7-5012-cc740fb92a3d,,,Untrust,,,118.143.72.250 255.255.255.255,,,
root,172.16.0.0/15-SPH_HIS_Network,f81b5622-f5cb-51e7-ee0b-362ebf700f5f,,,Untrust,,,172.16.0.0 255.254.0.0,,,
root,172.16.0.0/16 - SPH Block A Network,073f2b2e-f5cc-51e7-9eef-e8f273f85d91,,,Untrust,,,172.16.0.0 255.255.0.0,,,
root,172.16.80.0 - SPH remote network,1aaae0cc-f5cc-51e7-922a-4a9b9bbdccdf,,,Untrust,,,172.16.80.0 255.255.255.0,,,SPH remote vlan
root,172.16.80.1/32,4c26bab8-f5cc-51e7-b688-f840dbe7269a,,,Untrust,,,172.16.80.1 255.255.255.255,,,
root,172.16.90.1/32,9a1e8f34-f5cc-51e7-e51a-d45bb17319a3,,,Untrust,,,172.16.90.1 255.255.255.255,,,
root,172.17.0.0/16 -SPH- Block B Network,a7006fc4-f5cc-51e7-c4fd-f4cb8e2115cf,,,Untrust,,,172.17.0.0 255.255.0.0,,,
root,172.21.205.0/24,b6536080-f5cc-51e7-28d9-db2205c41969,,,Untrust,,,172.21.205.0 255.255.255.0,,,
root,172.21.205.6/32 Untrust,e26f6fba-f5cc-51e7-de71-c45b09086978,,,Untrust,,,172.21.205.6 255.255.255.255,,,
root,172.21.206.0/24 Untrust,0e3f3350-f5cd-51e7-57f4-4da961b0a030,,,Untrust,,,172.21.206.0 255.255.255.0,,,
root,172.21.212.0/24,4e6e834a-f5cd-51e7-ce31-d02baed3e04b,,,Untrust,,,172.21.212.0 255.255.255.0,,,
root,172.21.212.0/25,63a2a7aa-f5cd-51e7-a9d3-13c7b9620581,,,Untrust,,,172.21.212.0 255.255.255.128,,,
root,172.21.212.120/32,6dff6d6e-f5cd-51e7-1c39-3202faee21f2,,,Untrust,,,172.21.212.120 255.255.255.255,,,
root,172.22.93.32/28,7c311720-f5cd-51e7-ae7f-34ac5e7d2c17,,,DMZ,,,172.22.93.32 255.255.255.240,,,
root,172.22.95.72/32,878a7ed6-f5cd-51e7-31db-0b2ac44e9599,,,Untrust,,,172.22.95.72 255.255.255.255,,,
root,172.22.96.32/28,9370f6b2-f5cd-51e7-d932-5a461a36b202,,,Untrust,,,172.22.96.32 255.255.255.240,,,
root,172.30.193.32/28,9feb7066-f5cd-51e7-9f0d-c8fe4fa589b4,,,Untrust,,,172.30.193.32 255.255.255.240,,,
root,172.30.196.32/28,bdc28d9a-f5cd-51e7-e7fc-b2d368886700,,,Untrust,,,172.30.196.32 255.255.255.240,,,
root,192.168.0.0/24 Untrust,d33f938e-f5cd-51e7-de3b-08c75464f9e6,,,Untrust,,,192.168.0.0 255.255.255.0,,,
root,192.168.0.100/32,ddaa5a48-f5cd-51e7-b663-ed02ddd53faa,,,Untrust,,,192.168.0.100 255.255.255.255,,,
root,192.168.0.13/32,e95a894e-f5cd-51e7-4e9d-6f624772dd49,,,Untrust,,,192.168.0.13 255.255.255.255,,,
root,192.168.0.150/32,fd8cfe9c-f5cd-51e7-51c4-3d8da1689399,,,Untrust,,,192.168.0.150 255.255.255.255,,,
root,192.168.0.170/32,175d2e00-f5ce-51e7-75ce-cbc39ba98f3d,,,Untrust,,,192.168.0.170 255.255.255.255,,,
root,192.168.0.173/32,2235deee-f5ce-51e7-30d5-dbdafdcae643,,,Untrust,,,192.168.0.173 255.255.255.255,,,
root,192.168.0.190/32,2bf94420-f5ce-51e7-0cbc-2380078404a6,,,Untrust,,,192.168.0.190 255.255.255.255,,,
root,192.168.100.210,38e0c988-f5ce-51e7-d2e1-877e447cf3a9,,,DMZ,,,192.168.100.210 255.255.255.255,,,\for internal-2 access\
root,192.168.100.34/32,42f4f93a-f5ce-51e7-505a-f73b94e33a18,,,Untrust,,,192.168.100.34 255.255.255.255,,,
root,192.168.101.86/32,4cde6d5a-f5ce-51e7-94e8-9a5ac95f9a10,,,Untrust,,,192.168.101.86 255.255.255.255,,,
root,192.168.12.66-temp,57a151d0-f5ce-51e7-cb87-9d873b0c90fb,,,Untrust,,,192.168.12.66 255.255.255.255,,,
root,192.168.201.1/32,d3a4e288-f5ce-51e7-0b63-339e1fe79581,,,Untrust,,,192.168.201.1 255.255.255.255,,,
root,192.168.201.14/32,e26d47b0-f5ce-51e7-37c4-43c246b30c16,,,Untrust,,,192.168.201.14 255.255.255.255,,,
root,192.168.202.1/32,ecd5cfa6-f5ce-51e7-045c-237845ab68d5,,,Untrust,,,192.168.202.1 255.255.255.255,,,
root,192.168.202.14/32,f769c45e-f5ce-51e7-324c-eb104dd8e624,,,Untrust,,,192.168.202.14 255.255.255.255,,,
root,192.168.30.250/32,017c7ed2-f5cf-51e7-9f26-00828beefedf,,,Untrust,,,192.168.30.250 255.255.255.255,,,
root,192.168.75.0/24 Untrust,1ea6c09e-f5cf-51e7-6fd0-1a2ccee0214c,,,Untrust,,,192.168.75.0 255.255.255.0,,,
root,192.168.99.0/255.255.255.0,29afa118-f5cf-51e7-9fb1-7b1761e94219,,,Untrust,,,192.168.99.0 255.255.255.0,,,
root,198.41.202.157/32,346020ec-f5cf-51e7-2b41-a6c8c7363723,,,Untrust,,,198.41.202.157 255.255.255.255,,,
root,202.130.114.235/32,568f5994-f5cf-51e7-17e7-194c346f4430,,,Untrust,,,202.130.114.235 255.255.255.255,,,
root,202.77.34.35/32,63729482-f5cf-51e7-51fb-b92f5e1b6f5b,,,Untrust,,,202.77.34.35 255.255.255.255,,,
root,203.198.62.62/32,739b4a8e-f5cf-51e7-4bf2-81d4d8bf2744,,,Untrust,,,203.198.62.62 255.255.255.255,,,
root,210.0.229.154/32,85e7a6f6-f5cf-51e7-06e0-4814dc237d26,,,Untrust,,,210.0.229.154 255.255.255.255,,,
root,210.0.229.156 DC6,948cead6-f5cf-51e7-b062-7c4161dbe244,,,Untrust,,,210.0.229.156 255.255.255.255,,,
root,210.0.229.161 DC6,a3abb4fc-f5cf-51e7-92fe-25c8ae441b87,,,Untrust,,,210.0.229.161 255.255.255.255,,,
root,210.0.229.174 DC6,ae0a4ada-f5cf-51e7-427e-f4a4d6372c0c,,,Untrust,,,210.0.229.174 255.255.255.255,,,
root,210.0.229.176 DC6,b8f2e2c2-f5cf-51e7-cf8a-cc19c8d23937,,,Untrust,,,210.0.229.176 255.255.255.255,,,
root,210.0.229.97/32,c27f72ce-f5cf-51e7-2a62-786f73caa632,,,Untrust,,,210.0.229.97 255.255.255.255,,,
root,210.0.231.154,cd2e1f2c-f5cf-51e7-124b-fd5e3be77981,,,Untrust,,,210.0.231.154 255.255.255.255,,,
root,210.0.231.64 DC3,da0db310-f5cf-51e7-de10-f8beb7a47b19,,,Untrust,,,210.0.231.64 255.255.255.255,,,
root,210.0.231.65 DC3,e83ba546-f5cf-51e7-74a3-9be7d1bb7ff9,,,Untrust,,,210.0.231.65 255.255.255.255,,,
root,210.0.231.97/32,f257c334-f5cf-51e7-0d9c-7b5a7df1621d,,,Untrust,,,210.0.231.97 255.255.255.255,,,
root,210.245.191.38/255.255.255.255,fb736c20-f5cf-51e7-8658-66178c087d46,,,Untrust,,,210.245.191.38 255.255.255.255,,,
root,23.198.104.8/32,0699fc5e-f5d0-51e7-4e84-0bfdc562607d,,,Untrust,,,23.198.104.8 255.255.255.255,,,
root,60.0.0.0/255.0.0.0,1a9f0384-f5d0-51e7-4e49-09205f623910,,,Untrust,,,60.0.0.0 255.0.0.0,,,
root,60.190.114.123/32,244addd6-f5d0-51e7-e33d-3c01b59d9b39,,,Untrust,,,60.190.114.123 255.255.255.255,,,
root,60.254.131.38/255.255.255.255,2f4f0cf2-f5d0-51e7-8b57-12f0e8772bef,,,Untrust,,,60.254.131.38 255.255.255.255,,,
root,65.54.239.22/32,3b74bc16-f5d0-51e7-d945-612dc2c9e378,,,Untrust,,,65.54.239.22 255.255.255.255,,,
root,Adventist VPN,4b6d4ba6-f5d0-51e7-f14c-b1d3c256befa,,,Untrust,,,192.168.201.0 255.255.255.0,,,
root,ETU_Network,2c743d4e-f5d1-51e7-1ef0-aa24a882f8f7,,,Untrust,,,220.246.70.74 255.255.255.255,,,\https://ppi.core.ehr.gov.hk\
root,GE07-PC1  Scanning Dept,3ff6b50e-f5d1-51e7-3b94-9984d06f5a6f,,,Untrust,,,192.168.0.13 255.255.255.255,,,
root,HA-eHrss-connection-192.168.201.0,53de467c-f5d1-51e7-6684-833995c3d8c2,,,Untrust,,,192.168.201.0 255.255.255.0,,,\connection interface fw\
root,HA-eHrss-connection-192.168.202.0,624c2076-f5d1-51e7-34e6-65cb69ac23e9,,,Untrust,,,192.168.202.0 255.255.255.0,,,\eth 6 for HGC\
root,HA-eHRSS-vlan01-192.168.171.0,86573f3c-f5d1-51e7-b664-1b79e2842e8e,,,Untrust,,,192.168.171.0 255.255.255.0,,,\HGC-eHrss vlan\
root,HA-eHRSS-vlan01-192.168.71.0,96d33f32-f5d1-51e7-9234-aeb39190c95b,,,Untrust,,,192.168.71.0 255.255.255.0,,,\dHRss-HKT vlan\
root,KC_WareHouse_Net,a9bea438-f5d1-51e7-e317-ab0e9493a926,,,,,,10.255.52.0 255.255.255.0,,,\Kwai Chung WareHouse LAN Side\
root,LEO06462  Scanning Dept,bbf857ac-f5d1-51e7-74fd-132cc2edef64,,,Untrust,,,192.168.0.113 255.255.255.255,,,
root,LEON2736  Scanning Dept,c9d52198-f5d1-51e7-aa98-0f5748855038,,,Untrust,,,192.168.0.10 255.255.255.255,,,
root,MSN,ea84d71c-f5d1-51e7-04d8-81aa3d348a85,,,Untrust,,,207.46.110.252 255.255.255.255,,,
root,MSN1,f81554ba-f5d1-51e7-1d57-4ea58d767c9c,,,Untrust,,,207.46.106.0 255.255.255.0,,,
root,Omnicell Outside - 173.254.187.35,1798cc68-f5d2-51e7-e199-6618c76002be,,,Untrust,,,173.254.187.35 255.255.255.255,,,
root,Omnicell Outside - 206.142.244.63,231b829c-f5d2-51e7-e76e-8f13fa016d84,,,Untrust,,,206.142.244.63 255.255.255.255,,,
root,PACS network of Scanning Dept MBB1,308e1084-f5d2-51e7-a048-a14deb1cd9b7,,,Untrust,,,192.168.0.190 255.255.255.255,,,
root,PerfectForms - 23.253.114.156,40db92fe-f5d2-51e7-87a5-1cfe671fb372,,,,,,23.253.114.156 255.255.255.255,,,\PerfectForms Server address\
root,PerfectForms - 67.192.109.138,533d46e0-f5d2-51e7-ff91-1099864fbf2f,,,Untrust,,,67.192.109.138 255.255.255.255,,,\PerfectForms Server address 1/4\
root,PerfectForms - 67.192.80.122,65d0633c-f5d2-51e7-1535-eb41c7cbac01,,,Untrust,,,67.192.80.122 255.255.255.255,,,\PerfectForm Server Address 2/4\
root,Perfectfroms - 50.56.161.216,75cc5994-f5d2-51e7-b426-755b0d53c5dd,,,Untrust,,,50.56.161.216 255.255.255.255,,,\PerfectForms Server address\
root,PPI-ePR - ppi.core.ehr.gov.hk,8a945980-f5d2-51e7-c77b-a4cf34c20c55,,,Untrust,,,118.143.119.43 255.255.255.255,,,\https://ppi.core.ehr.gov.hk\
root,SPH office network - 172.16.0.0/16,9b82cf74-f5d2-51e7-3312-6e290db87678,,,Untrust,,,172.16.0.0 255.255.0.0,,,
root,SPH_BLK_B_Server_Network,ab9cfb82-f5d2-51e7-a6da-fd43d62517c2,,,,,,172.17.10.0 255.255.255.0,,,\SPH Block B Server Network\
root,St. Paul VPN Gateway,b946e806-f5d2-51e7-1b3e-31079b6f15f2,,,Untrust,,,202.85.47.115 255.255.255.255,,,
root,St.Paul Management,c61a9014-f5d2-51e7-9e6c-f40a23485974,,,Untrust,,,172.17.1.0 255.255.255.0,,,
root,ST_PAUL_VPN_POOL,d9854b94-f5d2-51e7-3cf6-66c3ea048a97,,,Untrust,,,172.16.255.128 255.255.255.128,,,
root,STH FW,e50bde42-f5d2-51e7-a32b-e6861557d743,,,Untrust,,,202.130.114.234 255.255.255.255,,,
root,Uptodate -wd3.gslb,f7bcf2ec-f5d2-51e7-afb0-c3f53bef24ab,,wildcard-fqdn,Untrust,,,,*wd3.gslb.uptodate.com,,
root,Warehouse CAM,3767672e-f5d3-51e7-5baa-7840239974a2,,,Untrust,,,118.140.61.82 255.255.255.255,,,
root,Web spark 104.130.255.59,53637274-f5d3-51e7-e0f5-42d2e8724da5,,,Untrust,,,104.130.255.59 255.255.255.255,,,
root,Web spark 148.62.1.46,5ebedfc8-f5d3-51e7-2d2e-5387b947917f,,,Untrust,,,148.62.1.46 255.255.255.255,,,
root,Web spark 148.62.2.142,69aa2370-f5d3-51e7-9576-0640b7ab1dd0,,,Untrust,,,148.62.2.142 255.255.255.255,,,
root,Web spark 172.99.100.80,766ea720-f5d3-51e7-a010-b0d2aa88afee,,,Untrust,,,172.99.100.80 255.255.255.255,,,
root,Web spark 182.50.136.237,81148f14-f5d3-51e7-6525-750b8869e9eb,,,Untrust,,,182.50.136.237 255.255.255.255,,,
root,Web spark 192.237.193.205,8bca21f8-f5d3-51e7-b269-02e325767d64,,,Untrust,,,192.237.193.205 255.255.255.255,,,
root,Web spark 23.49.25.184,97d6889c-f5d3-51e7-c1cf-7d028d59b932,,,Untrust,,,23.49.25.184 255.255.255.255,,,
root,Web spark 23.51.135.113,a208b10a-f5d3-51e7-1373-ddcb989e0e58,,,Untrust,,,23.51.135.113 255.255.255.255,,,
root,Web spark Cisco Spark  Squared,b35157be-f5d3-51e7-66d8-424c7503c3a9,,wildcard-fqdn,Untrust,,,,*.ciscospark.com,,
root,Web spark localytics.com,c1c11b9a-f5d3-51e7-d483-f2956c5c8ec4,,wildcard-fqdn,Untrust,,,,*.localytics.com,,
root,Web spark rackcdn.com,ceea3306-f5d3-51e7-8f45-4163abcaa2c0,,wildcard-fqdn,Untrust,,,,*.rackcdn.com,,
root,Web spark wbx2.com,ddd49fd2-f5d3-51e7-f0f2-37818775d28f,,wildcard-fqdn,Untrust,,,,*.wbx2.com,,
root,Web spark www.webex,f6e48262-f5d3-51e7-4b39-817777d6d28f,,wildcard-fqdn,Untrust,,,,*.webex.com,,
root,172.30.193.32/28 DMZ,cb5d0118-f5d4-51e7-13c4-a23d2ee8e741,,,DMZ,,,172.30.193.32 255.255.255.240,,,
root,192.168.0.140,e7f26b88-f5d4-51e7-d596-2e2c3a3c3d12,,,DMZ,,,192.168.0.140 255.255.255.255,,,Scanning testing ip host
root,192.168.100.0/24,f4fb2252-f5d4-51e7-c609-a1cc87dba153,,,DMZ,,,192.168.100.0 255.255.255.0,,,
root,192.168.100.123/32,1a606a7a-f5d5-51e7-ccfa-2a1890197ab7,,,DMZ,,,92.168.100.123 255.255.255.255,,,
root,192.168.100.134,252ea250-f5d5-51e7-3367-b7d8bb25739a,,,DMZ,,,192.168.100.134 255.255.255.255,,,
root,192.168.100.165/32,2f237bb4-f5d5-51e7-6ab3-3491c8e60847,,,DMZ,,,192.168.100.165 255.255.255.255,,,
root,192.168.100.202/255.255.255.255,3ac278c6-f5d5-51e7-7f6c-8de773bfb856,,,DMZ,,,192.168.100.202 255.255.255.255,,,
root,192.168.100.209/255.255.255.255,4722e204-f5d5-51e7-3e77-4a939798eb36,,,DMZ,,,192.168.100.209 255.255.255.255,,,\for internal-2 access\
root,192.168.100.210/32,f7475964-f5d8-51e7-a568-335497c0e812,,,DMZ,,,192.168.100.210 255.255.255.255,,,
root,192.168.100.211/255.255.255.255,07199ed8-f5d9-51e7-bb81-dcdfe3b4b184,,,DMZ,,,192.168.100.211 255.255.255.255,,,\for internal-2 access\
root,192.168.100.212/255.255.255.255,1ce975e4-f5d9-51e7-4cd9-5d19fc16ca84,,,DMZ,,,192.168.100.212 255.255.255.255,,,\for internal-2 access\
root,192.168.100.213/255.255.255.255,64ed908c-f5d9-51e7-d351-048e6d4f19e5,,,DMZ,,,192.168.100.213 255.255.255.255,,,\for internal-2 access\
root,192.168.100.214/255.255.255.255,72f9dbae-f5d9-51e7-1a3c-5d4195199975,,,DMZ,,,192.168.100.214 255.255.255.255,,,\for internal-2 access\
root,192.168.100.215/255.255.255.255,80aba516-f5d9-51e7-90a8-fb3f45f065d3,,,DMZ,,,192.168.100.215 255.255.255.255,,,\for internal-2 access\
root,192.168.100.216/255.255.255.255,953a5ac2-f5d9-51e7-c07e-64fcb87139ad,,,DMZ,,,192.168.100.216 255.255.255.255,,,\for internal-2 access\
root,192.168.100.217/255.255.255.255,e3fe6a72-f5d9-51e7-401f-7fe872d56098,,,DMZ,,,192.168.100.217 255.255.255.255,,,\for internal-2 access\
root,192.168.100.218/255.255.255.255,efd2d96e-f5d9-51e7-a5cd-cd326f783006,,,DMZ,,,192.168.100.218 255.255.255.255,,,\for internal-2 access\
root,192.168.100.219/255.255.255.255,fc68e114-f5d9-51e7-fdd8-93d28ac33163,,,DMZ,,,192.168.100.219 255.255.255.255,,,\for internal-2 access\
root,192.168.100.220/255.255.255.255,089e1332-f5da-51e7-e4f5-7c388346e537,,,DMZ,,,192.168.100.220 255.255.255.255,,,\for internal-2 access\
root,192.168.100.221/255.255.255.255,1364b51e-f5da-51e7-5aa6-aeb61e651fbc,,,DMZ,,,192.168.100.221 255.255.255.255,,,\for internal-2 access\
root,192.168.100.222/255.255.255.255,1d8fe9a0-f5da-51e7-021b-b1ead500ea91,,,DMZ,,,192.168.100.222 255.255.255.255,,,\for internal-2 access\
root,192.168.100.223/255.255.255.255,29472592-f5da-51e7-1f02-63cd04efbbba,,,DMZ,,,192.168.100.223 255.255.255.255,,,\for internal-2 access\
root,192.168.100.223/255.255.255.255 DMZ,4048ce6c-f5da-51e7-ba12-f2113993ffc8,,,DMZ,,,192.168.100.223 255.255.255.255,,,\for internal-2 access\
root,192.168.100.224/255.255.255.255,5c203166-f5da-51e7-b685-6c1f610f0445,,,DMZ,,,192.168.100.224 255.255.255.255,,,\for internal-2 access\
root,192.168.100.225/255.255.255.255,649c9028-f5da-51e7-877e-0f54b4c47457,,,DMZ,,,192.168.100.225 255.255.255.255,,,\for internal-2 access\
root,192.168.100.226/255.255.255.255,6e801cea-f5da-51e7-a626-6daa3caf5155,,,DMZ,,,192.168.100.226 255.255.255.255,,,\for internal-2 access\
root,192.168.100.227/255.255.255.255,78d02c62-f5da-51e7-6c1c-727f5b9a506e,,,DMZ,,,192.168.100.227 255.255.255.255,,,\for internal-2 access\
root,192.168.100.228/255.255.255.255,819bd6ac-f5da-51e7-6bf4-6e00bfa0b587,,,DMZ,,,192.168.100.228 255.255.255.255,,,\for internal-2 access\
root,192.168.100.229/255.255.255.255,8e2a4e58-f5da-51e7-2165-1709e60038eb,,,DMZ,,,192.168.100.229 255.255.255.255,,,\for internal-2 access\
root,192.168.100.230/255.255.255.255,986ccc9c-f5da-51e7-78d7-8bd38880f6a7,,,DMZ,,,192.168.100.230 255.255.255.255,,,\for internal-2 access\
root,192.168.100.231/255.255.255.255,a62fd4be-f5da-51e7-8ada-627dab26c7a2,,,DMZ,,,192.168.100.231 255.255.255.255,,,\for internal-2 access\
root,192.168.100.232/255.255.255.255,adc98d50-f5da-51e7-27a6-8e82d4f24062,,,DMZ,,,192.168.100.232 255.255.255.255,,,\for internal-2 access\
root,192.168.100.233/255.255.255.255,c21bd33a-f5da-51e7-fb1d-0237cbc13e6b,,,DMZ,,,192.168.100.233 255.255.255.255,,,\for internal-2 access\
root,192.168.100.234/255.255.255.255,cb35da06-f5da-51e7-677e-214e97514d8a,,,DMZ,,,192.168.100.234 255.255.255.255,,,\for internal-2 access\
root,192.168.100.235/255.255.255.255,d69ceed4-f5da-51e7-b407-c8fef5f9dad4,,,DMZ,,,192.168.100.235 255.255.255.255,,,\for internal-2 access\
root,192.168.100.254/32,e818930c-f5da-51e7-96b9-fe419f36f09f,,,DMZ,,,192.168.100.254 255.255.255.255,,,
root,192.168.100.34/32 DMZ,f648f8ea-f5da-51e7-2f25-cb39f36a4efc,,,DMZ,,,192.168.100.34 255.255.255.255,,,
root,192.168.100.42/32,02888634-f5db-51e7-4ce3-eec39f1ba766,,,DMZ,,,192.168.100.42 255.255.255.255,,,
root,192.168.100.50/32,0bd3157e-f5db-51e7-35ba-1b92693cff64,,,DMZ,,,192.168.100.50 255.255.255.255,,,
root,192.168.100.51/32,13970720-f5db-51e7-187d-5d5728647e47,,,DMZ,,,192.168.100.51 255.255.255.255,,,
root,192.168.100.52/32,195a9e92-f5db-51e7-ae72-5df26dbf296f,,,DMZ,,,192.168.100.52 255.255.255.255,,,
root,192.168.100.65/32,1fa7a2cc-f5db-51e7-5972-969a4c236b7b,,,DMZ,,,192.168.100.65 255.255.255.255,,,
root,192.168.100.71/32,2800b468-f5db-51e7-1f2c-d549eed7fa44,,,DMZ,,,192.168.100.71 255.255.255.255,,,
root,CathLabPC1,3afa6d3e-f5db-51e7-1041-a7edd99bee26,,,DMZ,,,192.168.100.215 255.255.255.255,,,
root,CathLabPC2,478cb390-f5db-51e7-9f84-77505f3fcfba,,,DMZ,,,192.168.100.216 255.255.255.255,,,
root,CathLabPC3,521a1d98-f5db-51e7-71a4-409039cb58e1,,,DMZ,,,192.168.100.217 255.255.255.255,,,
root,CyberArk Vault DR,5f3a793c-f5db-51e7-7d6f-7e09820eca6e,,,DMZ,,,192.168.100.195 255.255.255.255,,,
root,CyberArk Vault PRD,6c2276f4-f5db-51e7-1da3-ae3ffd59ad8a,,,DMZ,,,192.168.100.194 255.255.255.255,,,
root,CyberArk-CPM DR,9165207e-f5db-51e7-fed2-fd9fd51f8841,,,DMZ,,,192.168.100.193 255.255.255.255,,,
root,CyberArk-CPM PROD,9e2a971c-f5db-51e7-92c4-e667e66cf5c8,,,DMZ,,,192.168.100.192 255.255.255.255,,,
root,CyberArkDC,a879f5a0-f5db-51e7-9081-e81483de9264,,,DMZ,,,192.168.100.190 255.255.255.255,,,
root,CyberArkDC2,b6649a80-f5db-51e7-284d-e115ab03235c,,,DMZ,,,192.168.100.191 255.255.255.255,,,
root,Inet100_dmz,c40266a4-f5db-51e7-cab5-7af2fb46db44,,,DMZ,,,192.168.100.0 255.255.255.0,,,
root,STHSVR34  Image Sharing,d11c2d70-f5db-51e7-f100-a2f4a2198e6c,,,DMZ,,,192.168.100.34 255.255.255.255,,,
root,VM-STHSVR86A,dcf77334-f5db-51e7-3062-df5ce94748c7,,,DMZ,,,192.168.100.87 255.255.255.255,,,
root,VM-STHSVR86B,e827cea2-f5db-51e7-be7c-fb46ff5f0c92,,,DMZ,,,192.168.100.88 255.255.255.255,,,
root,Drugoffice.gov.hk,716205d4-f5dc-51e7-a8e5-6648cd500128,,fqdn,Untrust,,,,,www.drugoffice.gov.hk,
root,ehr.gov.hk,8aeedb9e-f5dc-51e7-4206-be080640add4,,fqdn,Untrust,,,,,ehr.gov.hk,
root,eHR Link - apps.core.ehr.gov.hk,a136088c-f5dc-51e7-c732-a922526b6937,,fqdn,Untrust,,,,,apps.core.ehr.gov.hk,
root,eHR Mode C Web Service-118.143.72.13,b40bc23a-f5dc-51e7-24f1-aaab6db4c73f,,,Untrust,,,118.143.72.13 255.255.255.255,,,\ehr web apps.uat.ehr.gov.hk \
root,eHR Mode C Web Service-118.143.72.23,c89cb66e-f5dc-51e7-7b55-818f58a9c709,,,Untrust,,,118.143.72.23 255.255.255.255,,,\ehr web ds.uat.ehr.gov.hk\
root,eHR Mode C Web Service-118.143.72.24,dc092502-f5dc-51e7-335a-a2a49c73ce4a,,,Untrust,,,118.143.72.24 255.255.255.255,,,\ehr web ds.uat.ehr.gov.hk\
root,eHR Mode C Web Service-119.143.72.11,eb721260-f5dc-51e7-81b0-7633f5f8d885,,,Untrust,,,119.143.72.11 255.255.255.255,,,\ehr web apps.uat.ehr.gov.hk\
root,ePR link - ppi.core.ehr.gov.hk,0915cc62-f5dd-51e7-7248-7170d9d0549f,,,Untrust,,,118.143.119.44 255.255.255.255,,,https://ppi.core.ehr.gov.hk
root,Moodlerooms_SFTP,26fbb1ce-f5dd-51e7-3c2f-0024181ade78,,fqdn,Untrust,,,,,sftp01-ap.moodlerooms.com,
root,Uptodate -www,39c83ca0-f5dd-51e7-fe79-9c447be9c0f8,,fqdn,Untrust,,,,,www.uptodate.com,
root,Web spark web.ciscospark.com,5838b17e-f5dd-51e7-0632-27475daaff17,,fqdn,Untrust,,,,,web.ciscospark.com,
root,Web spark Webex idbroker,652defac-f5dd-51e7-291e-039a234aeb25,,fqdn,Untrust,,,,,idbroker.webex.com,
root,Web spark Webex identity,72c0fcfe-f5dd-51e7-90b1-c0894c1bf717,,fqdn,Untrust,,,,,identity.webex.com,
root,web spark www.webex.com.cn,7ff927ac-f5dd-51e7-e045-c6ec64647025,,fqdn,Untrust,,,,,www.webex.com.cn,
root,192.168.10.232 - STHWEB,301ecd3e-f5df-51e7-f185-a9d8ac61a4f2,,,Trust,,,192.168.10.232 255.255.255.255,,,\STHWEB\
root,192.168.11.87/24,47821490-f5df-51e7-bc2a-da0aeff3f095,,,Trust,,,192.168.11.87 255.255.255.255,,,
root,192.168.150.0/255.255.0.0,63ac64a4-f5df-51e7-ac4c-a40841fcc92e,,,Trust,,,192.168.150.0 255.255.255.0,,,
root,HA Gateway PC,797f9c88-f5df-51e7-8c44-30d6c715778b,,,Trust,,,172.22.91.34 255.255.255.255,,,
root,MetaVista Network-192.168.150.1,8b0238e4-f5df-51e7-2203-038fe782e919,,,Trust,,,192.168.150.1 255.255.255.255,,,
root,10.66.0.101/24,a6d7b4cc-f5df-51e7-4f0f-c3841a33ebe1,,,Untrust,,,10.66.0.101 255.255.255.255,,,
root,10.66.0.102/24,b091fde2-f5df-51e7-9e9a-7780c1807520,,,Untrust,,,10.66.0.102 255.255.255.255,,,
root,202.130.114.235/27,e3477320-f5df-51e7-f371-3d0b50a283a0,,,Untrust,,,202.130.114.235 255.255.255.255,,,
root,Web,017a8b3e-f5e0-51e7-893a-7e31134e8a77,,,Untrust,,,162.155.20.218 255.255.255.255,,,
root,192.168.100.123/255.255.255.0,2bcc8bc6-f5e0-51e7-d67a-4bf6549a68a0,,,DMZ,,,192.168.100.123 255.255.255.255,,,
root,172.16.90.0/24,6f2c7be2-f5e0-51e7-9cb5-d097e9dc5a43,,,Untrust,,,172.16.90.0 255.255.255.0,,,
root,172.16.90.0 - SPH remote network,89af604c-f5e0-51e7-97f2-ef70e77c8535,,,Untrust,,,172.16.90.0 255.255.255.0,,,\SPH remote vlan \
root,STHSVR172_192.168.10.172,585e47fc-21db-51e8-0f4d-72baaf171106,,iprange,,192.168.10.172,192.168.10.172,,,,Log_Server
InternalFW,none,33f6e55c-0fbd-51e8-0f7f-90e9970a3ee9,,,,,,0.0.0.0 255.255.255.255,,,
InternalFW,adobe,33f6f178-0fbd-51e8-40e2-87245b7d6546,,wildcard-fqdn,,,,,*.adobe.com,,
InternalFW,Adobe Login,33f6fe66-0fbd-51e8-1221-3808dd22b3fb,,wildcard-fqdn,,,,,*.adobelogin.com,,
InternalFW,android,33f70b04-0fbd-51e8-1a47-0b6b3a547d80,,wildcard-fqdn,,,,,*.android.com,,
InternalFW,apple,33f71770-0fbd-51e8-c159-31f9d05f4313,,wildcard-fqdn,,,,,*.apple.com,,
InternalFW,appstore,33f723e6-0fbd-51e8-198b-5cd3485c1c50,,wildcard-fqdn,,,,,*.appstore.com,,
InternalFW,auth.gfx.ms,33f7303e-0fbd-51e8-4117-fc23f9c12a79,,wildcard-fqdn,,,,,*auth.gfx.ms,,
InternalFW,autoupdate.opera.com,33f73d90-0fbd-51e8-b6e9-caef8f031f3f,,fqdn,,,,,,autoupdate.opera.com,
InternalFW,citrix,33f74f88-0fbd-51e8-4cd0-987a086b22cc,,wildcard-fqdn,,,,,*.citrixonline.com,,
InternalFW,dropbox.com,33f75bfe-0fbd-51e8-3d85-43bd7d1a2fb4,,wildcard-fqdn,,,,,*.dropbox.com,,
InternalFW,eease,33f7686a-0fbd-51e8-2d1d-09aeab92c221,,wildcard-fqdn,,,,,*.eease.com,,
InternalFW,firefox update server,33f774cc-0fbd-51e8-9576-5bee89f99865,,wildcard-fqdn,,,,,aus*.mozilla.org,,
InternalFW,fortinet,33f78124-0fbd-51e8-4fae-a1359487bb30,,wildcard-fqdn,,,,,*.fortinet.com,,
InternalFW,googleapis.com,33f78d7c-0fbd-51e8-8d76-d003194bf9e8,,wildcard-fqdn,,,,,*.googleapis.com,,
InternalFW,google-drive,33f79a06-0fbd-51e8-8a08-267a220aa97f,,wildcard-fqdn,,,,,*drive.google.com,,
InternalFW,google-play,33f7a712-0fbd-51e8-dc34-502b90b60697,,fqdn,,,,,,play.google.com,
InternalFW,google-play2,33f7b428-0fbd-51e8-5d51-4c269a64e8ec,,wildcard-fqdn,,,,,*.ggpht.com,,
InternalFW,google-play3,33f7c0b2-0fbd-51e8-a1c5-10f32957c9a8,,wildcard-fqdn,,,,,*.books.google.com,,
InternalFW,Gotomeeting,33f7ccf6-0fbd-51e8-3845-653ce7efcb6c,,wildcard-fqdn,,,,,*.gotomeeting.com,,
InternalFW,icloud,33f7d93a-0fbd-51e8-fbfe-d130969fd17c,,wildcard-fqdn,,,,,*.icloud.com,,
InternalFW,itunes,33f7e592-0fbd-51e8-ce03-c4b4bf3e6d4d,,wildcard-fqdn,,,,,*itunes.apple.com,,
InternalFW,microsoft,33f7f1f4-0fbd-51e8-c804-513305ebddf1,,wildcard-fqdn,,,,,*.microsoft.com,,
InternalFW,skype,33f7fe24-0fbd-51e8-45fb-82a1c0c061ae,,wildcard-fqdn,,,,,*.messenger.live.com,,
InternalFW,softwareupdate.vmware.com,33f80a86-0fbd-51e8-a095-f0e6ad068976,,wildcard-fqdn,,,,,*softwareupdate.vmware.com,,
InternalFW,swscan.apple.com,33f816d4-0fbd-51e8-5574-3330ac5a2f2f,,fqdn,,,,,,swscan.apple.com,
InternalFW,update.microsoft.com,33f8234a-0fbd-51e8-a23c-6fb5a8bad3c0,,fqdn,,,,,,update.microsoft.com,
InternalFW,verisign,33f82f98-0fbd-51e8-51df-f24bab44a49f,,wildcard-fqdn,,,,,*.verisign.com,,
InternalFW,Windows update 2,33f83bc8-0fbd-51e8-1312-73c44714f5c3,,wildcard-fqdn,,,,,*.windowsupdate.com,,
InternalFW,live.com,33f8480c-0fbd-51e8-a0dc-c394dd4e699e,,wildcard-fqdn,,,,,*.live.com,,
InternalFW,SSLVPN_TUNNEL_ADDR1,3458a08a-0fbd-51e8-cdba-cf709ef37473,,iprange,ssl.InternalFW,10.212.134.200,10.212.134.210,,,,
InternalFW,all,3458b78c-0fbd-51e8-c371-8b1474979a3e,,,,,,,,,
InternalFW,FIREWALL_AUTH_PORTAL_ADDRESS,3458b9d0-0fbd-51e8-9b45-6475652a53a2,disable,,,,,,,,
InternalFW,eHR Link - apps.core.ehr.gov.hk,a353b812-4a91-51e8-86ab-59fc8ab07a2e,,fqdn,,,,,,apps.core.ehr.gov.hk,
InternalFW,ehr.gov.hk,6defaefc-4a95-51e8-8a70-6c9ecffd8cdb,,fqdn,,,,,,ehr.gov.hk,
InternalFW,ePR link - ppi.core.ehr.gov.hk,a1128bec-4a95-51e8-e734-ecb3346c2721,,,,,,118.143.119.44 255.255.255.255,,,
InternalFW,CyberArk-CPM@DR,e162f0fc-4a99-51e8-8ef2-bfb1f7278eb2,,,DMZ_Zone,,,192.168.100.193 255.255.255.255,,,
InternalFW,CyberArk-CPM@PROD,036c2be6-4a9a-51e8-b118-bc4e5d4fe63f,,,DMZ_Zone,,,192.168.100.192 255.255.255.255,,,
InternalFW,CyberArkDC,187e69cc-4a9a-51e8-661d-cbb0e5a68009,,,DMZ_Zone,,,192.168.100.190 255.255.255.255,,,
InternalFW,CyberArkDC2,303fc8ee-4a9a-51e8-318b-2c5e9c28535e,,,DMZ_Zone,,,192.168.100.191 255.255.255.255,,,
InternalFW,CyberArk Vault@DR,edbd6afc-4a9a-51e8-9f65-c70d391baebf,,,DMZ_Zone,,,192.168.100.195 255.255.255.255,,,
InternalFW,CyberArk Vault@PRD,05ce1eb6-4a9b-51e8-2eaa-3d332f811735,,,DMZ_Zone,,,192.168.100.194 255.255.255.255,,,
InternalFW,192.168.100.34/32,793b63ee-4a9c-51e8-db85-e66ffefff282,,,DMZ_Zone,,,192.168.100.34 255.255.255.255,,,
InternalFW,192.168.0.190/32,701994f0-4aad-51e8-f63c-6ca848ad1a2f,,,Scanning_Zone,,,192.168.0.190 255.255.255.255,,,
InternalFW,192.168.0.0/16,fa39df20-4ab5-51e8-ed45-cca528d3d605,,,Trust,,,192.168.0.0 255.255.0.0,,,
InternalFW,HA-eHrss-connection-192.168.201.0,73452366-4ab6-51e8-6e1e-fc904255b408,,,VPN_Tunnel_Zone,,,192.168.201.0 255.255.255.0,,,
InternalFW,HA-eHRSS-vlan01-192.168.71.0,72f1a43e-4ac5-51e8-60a6-74628345a19d,,,VPN_Tunnel_Zone,,,192.168.71.0 255.255.255.0,,,dHRss-HKT vlan
InternalFW,Omnicell - 192.168.10.72,2f6b9596-4db6-51e8-de68-38c0f0c3bc95,,,Trust,,,192.168.10.72 255.255.255.255,,,
InternalFW,Omnicell - 192.168.10.73,5c7ac94e-4db6-51e8-1044-81ff47ceeeba,,,Trust,,,192.168.10.73 255.255.255.255,,,
InternalFW,Omnicell - 192.168.10.78,66df310e-4db6-51e8-40be-d4bba51cfbaa,,,Trust,,,192.168.10.78 255.255.255.255,,,
InternalFW,Omnicell - 192.168.10.79,7309df24-4db6-51e8-11b5-40f80cc90579,,,Trust,,,192.168.10.79 255.255.255.255,,,
InternalFW,Omnicell Outside - 173.254.187.35,bb38d5ac-4db6-51e8-4f55-1c8dd05ce454,,,,,,173.254.187.35 255.255.255.255,,,
InternalFW,Omnicell Outside - 206.142.244.63,d26509b2-4db6-51e8-e551-ed9b8db5b6aa,,,,,,206.142.244.63 255.255.255.255,,,
InternalFW,172.16.0.0/15-SPH_HIS_Network,744eb878-4de3-51e8-f29f-c81e2102a067,,,,,,172.16.0.0 255.254.0.0,,,
InternalFW,Bryan PC,5e8dabfc-526b-51e8-cd06-88f3f3adcf18,,,Trust,,,192.168.75.23 255.255.255.255,,,
InternalFW,ITWS20 - KeithChow,7be83afe-526c-51e8-05da-a9d711725429,,,Trust,,,192.168.75.20 255.255.255.255,,,
InternalFW,Pascal Old_PC,c5e1290e-526c-51e8-2dd2-08375be20ed6,,,Trust,,,192.168.75.6 255.255.255.255,,,
InternalFW,Pascal PC,031e8b7c-526d-51e8-5ff2-1778a9454068,,,Trust,,,192.168.75.236 255.255.255.255,,,
InternalFW,Senthil PC,180d309c-526d-51e8-6a74-f6f9426d9d36,,,Trust,,,192.168.75.4 255.255.255.255,,,
InternalFW,192.168.15.0,77ae122c-5273-51e8-349f-3e94f3904a83,,,Trust,,,192.168.15.0 255.255.255.0,,,
InternalFW,192.168.10.84,658b4702-527a-51e8-7125-081596502bef,,,,,,192.168.10.84 255.255.255.255,,,
InternalFW,192.168.180.0/24,d82bfab0-53f4-51e8-0048-8c3d94b58895,,,Trust,,,192.168.180.0 255.255.255.0,,,
InternalFW,HA-eHrss-connection-192.168.202.0,4eeed224-53f7-51e8-f739-6131f261404b,,,VPN_Tunnel_Zone,,,19.168.202.0 255.255.255.0,,,
InternalFW,HA-eHRSS-vlan01-192.168.171.0,72ae207a-53f7-51e8-5592-e05371cf8ea0,,,VPN_Tunnel_Zone,,,192.168.171.0 255.255.255.0,,,HGC-eHrss vlan
InternalFW,CathLabPC1,2bc1c9b0-5419-51e8-a196-cc51bf6fdb03,,,DMZ_Zone,,,192.168.100.215 255.255.255.255,,,
InternalFW,CathLabPC2,416485fa-5419-51e8-a3db-ddefd467399a,,,DMZ_Zone,,,192.168.100.216 255.255.255.255,,,
InternalFW,CathLabPC3,4c51f128-5419-51e8-1478-6de80f1f05c0,,,DMZ_Zone,,,192.168.100.217 255.255.255.255,,,
InternalFW,10.10.10.0/24,40a62ea6-5429-51e8-201f-419e4464e8a9,,,VlanInt14_Zone,,,10.10.10.0 255.255.255.0,,,
InternalFW,192.168.100.51/32,6695b956-5429-51e8-21c1-9dd3ce23355b,,,DMZ_Zone,,,192.168.100.51 255.255.255.255,,,
InternalFW,192.168.100.52/32,735ce5a6-5429-51e8-37d5-a5fe8bef123e,,,DMZ_Zone,,,192.168.100.52 255.255.255.255,,,
InternalFW,192.168.15.180/32,4f7eae52-542a-51e8-06ff-a8b0814e516b,,,Trust,,,192.168.15.180 255.255.255.255,,,
InternalFW,192.168.15.220/32,5d66dcc4-542a-51e8-3d7a-8739bf6d1486,,,Trust,,,192.168.15.220 255.255.255.255,,,
InternalFW,VM-STHSVR86A,f5f02d96-542b-51e8-80a3-4db5c32e077f,,,DMZ_Zone,,,192.168.100.87 255.255.255.255,,,
InternalFW,VM-STHSVR86B,e4b641d6-542c-51e8-7d61-adba9c79d090,,,DMZ_Zone,,,192.168.100.88 255.255.255.255,,,
InternalFW,STHSVR83,514d8b1a-542d-51e8-a0b4-593804f229b4,,,Trust,,,192.168.10.83 255.255.255.255,,,
InternalFW,Backup Server,d2059c48-542d-51e8-94b4-08cc2369721d,,,Trust,,,192.168.10.135 255.255.255.255,,,
InternalFW,Inet100_dmz,fd82f5f0-542d-51e8-6742-f14c3b07cf12,,,DMZ_Zone,,,192.168.100.0 255.255.255.0,,,
InternalFW,ITSD,4235e536-542e-51e8-2a32-4176b4baa838,,,Trust,,,192.168.75.0 255.255.255.0,,,
InternalFW,192.168.11.133/32,854fdf16-542e-51e8-9297-3402107f9f3b,,,Trust,,,192.168.11.133 255.255.255.255,,,
InternalFW,192.168.15.24/32,f96bf8a8-5433-51e8-53c0-8e65f19d2989,,,Trust,,,192.168.15.24 255.255.255.255,,,
InternalFW,HL7 Gateway Svr,1c66bfd2-5434-51e8-ec90-81a7586caba3,,,Trust,,,192.168.10.107 255.255.255.255,,,
InternalFW,STHSVR97,37b87f46-5434-51e8-1d55-c45ff13fcd74,,,Trust,,,192.168.10.97 255.255.255.255,,,
InternalFW,192.168.100.50/32,3c677a14-5435-51e8-a461-778b585caf86,,,DMZ_Zone,,,192.168.100.50 255.255.255.255,,,
InternalFW,192.168.10.145/32,22385816-5741-51e8-b4c2-e3a427d431ed,,,Trust,,,192.168.10.145 255.255.255.255,,,
InternalFW,192.168.100.209,eb2193c6-57f7-51e8-7ceb-f5e8c9da2d9f,,,DMZ_Zone,,,192.168.100.209 255.255.255.255,,,for internal-2 access
InternalFW,192.168.100.210,fd443f9a-57f7-51e8-4504-262ae5322632,,,DMZ_Zone,,,192.168.100.210 255.255.255.255,,,for internal-2 access
InternalFW,192.168.100.211,0e596f4e-57f8-51e8-baac-5b7aa021f839,,,DMZ_Zone,,,192.168.100.211 255.255.255.255,,,for internal-2 access
InternalFW,192.168.100.212,1d3637ae-57f8-51e8-d03a-c5fcfd2bce22,,,DMZ_Zone,,,192.168.100.212 255.255.255.255,,,for internal-2 access
InternalFW,192.168.100.213,335cbcce-57f8-51e8-c68c-c865a3869f7d,,,DMZ_Zone,,,192.168.100.213 255.255.255.255,,,for internal-2 access
InternalFW,192.168.100.214,4fd06bda-57f8-51e8-e9a5-8da8a91328ec,,,DMZ_Zone,,,192.168.100.214 255.255.255.255,,,for internal-2 access
InternalFW,192.168.100.215,5e24b4f2-57f8-51e8-d5fd-e609c6683424,,,DMZ_Zone,,,192.168.100.215 255.255.255.255,,,for internal-2 access
InternalFW,192.168.100.216,71620bdc-57f8-51e8-d709-2f1c7055a8f9,,,DMZ_Zone,,,192.168.100.216 255.255.255.255,,,for internal-2 access
InternalFW,192.168.100.217,7f1aeffa-57f8-51e8-376a-71655213d44c,,,DMZ_Zone,,,192.168.100.217 255.255.255.255,,,for internal-2 access
InternalFW,192.168.100.218,8c992944-57f8-51e8-644b-bb8b290ac19b,,,DMZ_Zone,,,192.168.100.218 255.255.255.255,,,for internal-2 access
InternalFW,192.168.100.219,9c06a744-57f8-51e8-729b-27d7f3b82895,,,DMZ_Zone,,,192.168.100.219 255.255.255.255,,,for internal-2 access
InternalFW,192.168.100.220,ad0240d0-57f8-51e8-531f-ab52ebe56683,,,DMZ_Zone,,,192.168.100.220 255.255.255.255,,,for internal-2 access
InternalFW,192.168.100.221,b8c6a3b6-57f8-51e8-8934-c3617d2cc607,,,DMZ_Zone,,,192.168.100.221 255.255.255.255,,,for internal-2 access
InternalFW,192.168.100.222,c9296586-57f8-51e8-87eb-2a677d63712e,,,DMZ_Zone,,,192.168.100.222 255.255.255.255,,,for internal-2 access
InternalFW,192.168.100.223,dbaeebd6-57f8-51e8-9575-d31b0df09b9c,,,DMZ_Zone,,,192.168.100.223 255.255.255.255,,,for internal-2 access
InternalFW,192.168.100.224,ec5feaac-57f8-51e8-3a47-368a62240b94,,,DMZ_Zone,,,192.168.100.224 255.255.255.255,,,for internal-2 access
InternalFW,192.168.100.225,ff1ec686-57f8-51e8-295c-6908ddac2fdf,,,DMZ_Zone,,,192.168.100.225 255.255.255.255,,,for internal-2 access
InternalFW,192.168.100.226,0cad15be-57f9-51e8-67c8-9a96ce9c2752,,,DMZ_Zone,,,192.168.100.226 255.255.255.255,,,for internal-2 access
InternalFW,192.168.100.227,19bd2848-57f9-51e8-ce61-f725f312acce,,,DMZ_Zone,,,192.168.100.227 255.255.255.255,,,for internal-2 access
InternalFW,192.168.100.228,24efcc84-57f9-51e8-0271-e010d1d5cb79,,,DMZ_Zone,,,192.168.100.228 255.255.255.255,,,for internal-2 access
InternalFW,192.168.100.229,2f3a18e8-57f9-51e8-b833-27c50df197e2,,,DMZ_Zone,,,192.168.100.229 255.255.255.255,,,for internal-2 access
InternalFW,192.168.100.230,3e019892-57f9-51e8-e194-b4d8e3006d40,,,DMZ_Zone,,,192.168.100.230 255.255.255.255,,,for internal-2 access
InternalFW,192.168.100.231,4c2d1b1c-57f9-51e8-a904-4c49cfb746f5,,,DMZ_Zone,,,192.168.100.231 255.255.255.255,,,for internal-2 access
InternalFW,192.168.100.232,581aa78c-57f9-51e8-8bad-0245729a57d4,,,DMZ_Zone,,,192.168.100.232 255.255.255.255,,,for internal-2 access
InternalFW,192.168.100.233,63aebbd8-57f9-51e8-2020-dee2fc2a50c6,,,DMZ_Zone,,,192.168.100.233 255.255.255.255,,,for internal-2 access
InternalFW,192.168.100.234,6eb1a248-57f9-51e8-f433-a5145fcf63c0,,,DMZ_Zone,,,192.168.100.234 255.255.255.255,,,for internal-2 access
InternalFW,192.168.100.235,7b69c330-57f9-51e8-8305-bae34f215856,,,DMZ_Zone,,,192.168.100.235 255.255.255.255,,,for internal-2 access
InternalFW,192.168.10.144,1d537ba2-5807-51e8-c1b3-76c7ce0307a6,,,Trust,,,192.168.10.144 255.255.255.255,,,Proxy
InternalFW,192.168.10.51,05bd9e4e-5809-51e8-dcf5-54734fc19b04,,,Trust,,,192.168.10.51 255.255.255.255,,,
InternalFW,192.168.10.61,1197fde0-5809-51e8-7f94-dfe1e3989711,,,Trust,,,192.168.10.61 255.255.255.255,,,
InternalFW,192.168.10.70,1e8d6de6-5809-51e8-adf0-62fd662ce3b7,,,Trust,,,192.168.10.70 255.255.255.255,,,
InternalFW,192.168.10.71,2bb03e18-5809-51e8-5849-8d34f44379c0,,,Trust,,,192.168.10.71 255.255.255.255,,,
InternalFW,STHSVR34_Image Sharing,e409696c-5809-51e8-4de3-1c30a4846f44,,,DMZ_Zone,,,192.168.100.34 255.255.255.255,,,
InternalFW,STHAS01,1d62c8ca-580a-51e8-20cb-dd44d3b32165,,,Trust,,,192.168.176.25 255.255.255.255,,,
InternalFW,STHFM01,45e68a0c-580a-51e8-a233-e7b7e28d1ae8,,,Trust,,,192.168.176.27 255.255.255.255,,,
InternalFW,STHFM02,59c8ae9c-580a-51e8-0c5b-2660f83e9daa,,,Trust,,,192.168.176.29 255.255.255.255,,,
InternalFW,192.168.100.163,b7508dbe-580a-51e8-d0f5-09a5b53c0518,,,DMZ_Zone,,,192.168.100.163 255.255.255.255,,,
InternalFW,DICOM Gateway_Scanning,dd1ca4ba-580a-51e8-8300-73075b771686,,,,,,192.168.17.41 255.255.255.255,,,
InternalFW,STH Symantec Endpoint server,13bf5322-580c-51e8-f119-8db903df9578,,,Trust,,,192.168.10.130 255.255.255.255,,,
InternalFW,MailGate Appliance 1-192.168.10.132,d42f4ebe-580c-51e8-e094-4213d95569f9,,,Trust,,,192.168.10.132 255.255.255.255,,,
InternalFW,MailGate Appliance 2-192.168.10.134,ed016bfc-580c-51e8-21b8-003ac4cf96e5,,,Trust,,,192.168.10.134 255.255.255.255,,,
InternalFW,MailGate Appliance-192.168.10.50,0419666e-580d-51e8-79c9-fa284d18ef0a,,,Trust,,,192.168.10.50 255.255.255.255,,,
InternalFW,192.168.8.106_Suspected PC,c58cc8d6-580d-51e8-da77-78186eb88bdb,,,Trust,,,192.168.8.106 255.255.255.255,,,
InternalFW,Suspected PC_By So,b2090e80-580f-51e8-bbb1-a04ffc06dd0a,,,Trust,,,192.168.15.253 255.255.255.255,,,
InternalFW,MSN,d37b4c3c-5813-51e8-0084-fae2534943af,,,,,,207.46.110.252 255.255.255.255,,,
InternalFW,MSN_1,223c5e1c-5817-51e8-09c9-c8780cbda5b4,,,,,,207.46.106.0 255.255.255.0,,,
InternalFW,STHFW,49705188-5820-51e8-6e62-421e6efea801,,,,,,202.130.114.234 255.255.255.255,,,
InternalFW,60.190.114.123/32,fadd44e0-5824-51e8-7c93-29d3bb6d5ed4,,,,,,60.190.114.123 255.255.255.255,,,
InternalFW,192.168.15.12/32,1fce8ce6-5825-51e8-375a-1fc8e4182b07,,,Trust,,,192.168.15.12 255.255.255.255,,,
InternalFW,202.77.34.35/32,84f34fd0-5825-51e8-a348-393df19e0130,,,,,,202.77.34.35 255.255.255.255,,,
InternalFW,Simen Access Control,0c47dfe6-5826-51e8-89ec-78da625379a6,,,Trust,,,192.168.10.42 255.255.255.255,,,
InternalFW,PHWS62,9630b090-59a5-51e8-e9e6-3481080c7236,,,Trust,,,192.168.15.156 255.255.255.255,,,
InternalFW,PHWS60,ae95ef60-59a5-51e8-77d2-429809474e79,,,Trust,,,192.168.15.154 255.255.255.255,,,
InternalFW,PHWS61,bb71225e-59a5-51e8-b45b-5dd9d2028867,,,Trust,,,192.168.15.155 255.255.255.255,,,
InternalFW,PHWS30,d0732210-59a5-51e8-5154-52b111eaf79f,,,Trust,,,192.168.15.153 255.255.255.255,,,
InternalFW,PHWS7,e41b6ba6-59a5-51e8-78eb-c6df19930a98,,,Trust,,,192.168.15.150 255.255.255.255,,,
InternalFW,PHWS17,f0aa772c-59a5-51e8-0709-9b8e0946c9c2,,,Trust,,,192.168.15.151 255.255.255.255,,,
InternalFW,Uptodate -wd3.gslb,bc6cabd6-59a7-51e8-db87-3361148b09c0,,fqdn,,,,,,wd3.gslb.uptodate.com,
InternalFW,Drugoffice.gov.hk,54e52c1c-59a8-51e8-bbfc-8a1b35ef25e6,,fqdn,,,,,,www.drugoffice.gov.hk,
InternalFW,Uptodate -www,6c0defaa-59a8-51e8-9db6-361a8fc6eb82,,fqdn,,,,,,www.uptodate.com,
InternalFW,Record Room RRWS01,dc5bf482-59a8-51e8-ccb2-d1ab16da2ad2,,,Trust,,,192.168.55.201 255.255.255.255,,,
InternalFW,Dr Loke - 192.168.18.254,58dc8030-59ae-51e8-d6cb-99cb2e03aae3,,,Trust,,,192.168.18.254 255.255.255.255,,,
InternalFW,Eye_Centre_PC81,6e42e57c-59ae-51e8-c6c5-dbccf4b7812a,,,Trust,,,192.168.46.81 255.255.255.255,,,
InternalFW,Eye_Centre_PC83,7d8186e2-59ae-51e8-c283-920b092942c9,,,Trust,,,192.168.46.83 255.255.255.255,,,
InternalFW,InternetUser_MainBlock_w_Int_WiFi - 192.168.15.0,93963d06-59ae-51e8-672c-5c8ad2beb499,,,Trust,,,192.168.15.0 255.255.255.0,,,
InternalFW,InternetUser_OldBlock - 192.168.55.0,c2b2681c-59ae-51e8-772a-62a0b833629d,,,Trust,,,192.168.55.0 255.255.255.0,,,
InternalFW,Physio_PC50,d5ccff66-59ae-51e8-f5e8-7a5a8b0b5107,,,Trust,,,192.168.35.50 255.255.255.255,,,
InternalFW,ServerNetwork_MainBlock,e5b51274-59ae-51e8-4f6c-696e6b8f00d1,,,Trust,,,192.168.10.0 255.255.255.0,,,
InternalFW,ServerNetwork_OldBlock,f486b6cc-59ae-51e8-4482-b87d2db24b96,,,Trust,,,192.168.30.0 255.255.255.0,,,
InternalFW,Desktop Central Server,2250b016-59b0-51e8-4d6e-0dd2b1e30177,,,,,,192.168.10.129 255.255.255.255,,,
InternalFW,192.168.75.0/24,8088225e-59b0-51e8-8d50-2dec6992cd59,,,Trust,,,192.168.75.0 255.255.255.0,,,
InternalFW,STH_TrendMicroServer,6fa56448-59b4-51e8-3fa1-418184b8edb3,,,Trust,,,192.168.10.63 255.255.255.255,,,STHSVR63
InternalFW,STH_EmailServer,c5a7e906-59b4-51e8-2c5b-d318d2af85b9,,,,,,192.168.10.31 255.255.255.255,,,STHMAIL
InternalFW,STH_DC1,efec5ba0-59b6-51e8-b2d4-5845e0f0024f,,,Trust,,,192.168.10.22 255.255.255.255,,,
InternalFW,STH_DC2,fd102154-59b6-51e8-c8d9-ac24239a0087,,,Trust,,,192.168.30.22 255.255.255.255,,,
InternalFW,STH_DC3,09282694-59b7-51e8-93c8-0d5d979cfb60,,,Trust,,,192.168.30.11 255.255.255.255,,,
InternalFW,STHMAIL1,48051c0e-6246-51e8-20be-fbf8042f1db5,,,Trust,,,192.168.10.32 255.255.255.255,,,
InternalFW,LBWS21,fbfdadb2-6254-51e8-3500-fba6ee3aee7c,,,Trust,,,192.168.18.82 255.255.255.255,,,
InternalFW,192.168.11.0/24,8ef83830-6255-51e8-b9c3-9912c92d0f9a,,,Trust,,,192.168.11.0 255.255.255.0,,,
InternalFW,Weltek-192.168.150.61_Windows,2ad3b464-6256-51e8-6def-4cf44e960c17,,,Trust,,,192.168.150.61 255.255.255.255,,,
InternalFW,Weltek-192.168.150.62_Windows,39d87e2c-6256-51e8-e686-76b60b44342f,,,Trust,,,192.168.150.62 255.255.255.255,,,
InternalFW,Weltek-192.168.150.65_Windows,483a2344-6256-51e8-231f-9a0355031fd5,,,Trust,,,192.168.150.65 255.255.255.255,,,
InternalFW,Weltek-192.168.150.66_Windows,55858214-6256-51e8-5474-f4519a54a67a,,,Trust,,,192.168.150.66 255.255.255.255,,,
InternalFW,Weltek-192.168.150.67_Windows,6374b610-6256-51e8-d2eb-4fccb1b162ef,,,Trust,,,192.168.150.67 255.255.255.255,,,
InternalFW,Weltek-192.168.150.68_LINUX,760e15dc-6256-51e8-651a-4ceeb38a9037,,,Trust,,,192.168.150.68 255.255.255.255,,,
InternalFW,Weltek-192.168.150.68_Windows,89ec2526-6256-51e8-6ca6-a040c696291b,,,Trust,,,192.168.150.68 255.255.255.255,,,
InternalFW,Weltek-192.168.150.69_Windows,9834fe8c-6256-51e8-1b2f-d413b88a175f,,,Trust,,,192.168.150.69 255.255.255.255,,,
InternalFW,Weltek-192.168.150.69_LINUX,a9fbad96-6256-51e8-aa2f-aef4aa45fc87,,,Trust,,,192.168.150.69 255.255.255.255,,,
InternalFW,Weltek-192.168.150.71_Windows,b7d4d910-6256-51e8-fb02-b47e08e7006f,,,Trust,,,192.168.150.71 255.255.255.255,,,
InternalFW,Agfa_STHAP01,bfe02d02-6257-51e8-2a8a-acdcc16b3468,,,Trust,,,192.168.176.31 255.255.255.255,,,
InternalFW,Agfa_STHAP02,ccc0acf4-6257-51e8-9d20-a3c23b15472d,,,Trust,,,192.168.176.20 255.255.255.255,,,
InternalFW,Agfa_STHCM01,daf226cc-6257-51e8-5f16-cc54a15183c3,,,,,,192.168.176.32 255.255.255.255,,,
InternalFW,Agfa_STHCU01,ede2d510-6257-51e8-9af2-87171a9c0ae9,,,Trust,,,192.168.173.33 255.255.255.255,,,
InternalFW,Infrasys_192.168.9.21,769c9328-6258-51e8-50af-3c94c71fa4e2,,,Trust,,,192.168.9.21 255.255.255.255,,,
InternalFW,Infrasys_192.168.9.22,838ac4c4-6258-51e8-6644-89e9bf89da24,,,Trust,,,192.168.9.22 255.255.255.255,,,
InternalFW,HDS_192.168.176.9,4b4447e2-6259-51e8-3762-0511d6bce310,,,Trust,,,192.168.176.9 255.255.255.255,,,
InternalFW,HDS_CTXSVR01,6af1274a-6259-51e8-c651-57f25fa26ec3,,,Trust,,,192.168.110.31 255.255.255.255,,,
InternalFW,HDS_SNSVR,84f663b2-6259-51e8-652f-8424227353a5,,,Trust,,,192.168.110.32 255.255.255.255,,,
InternalFW,HDS_Citrix,0f06cb6e-625a-51e8-d38b-1fea7c2e3e35,,,Trust,,,192.168.110.33 255.255.255.255,,,
InternalFW,Cath Lab_ESTENSAPACS,8b31f6e6-625a-51e8-4e2e-ed948b0b4ecf,,,Trust,,,192.168.21.8 255.255.255.255,,,
InternalFW,192.168.180.151/32,1613f584-625b-51e8-4f44-1acc93b331c6,,,Trust,,,192.168.180.151 255.255.255.255,,,
InternalFW,CyberArk_eHR_STHSVR162,90a6c2e0-625b-51e8-7718-684f55b0af9b,,,Trust,,,192.168.10.0 255.255.255.0,,,
InternalFW,192.168.46.82/255.255.255.255,883a893c-62df-51e8-5ca4-b67566ca8e0b,,,Trust,,,192.168.46.82 255.255.255.255,,,
InternalFW,210.245.191.38/255.255.255.255,a822471c-62df-51e8-f5a2-2ad3ab2b26fd,,,,,,210.245.191.38 255.255.255.255,,,
InternalFW,192.168.75.29/32,1dd5ea04-62e0-51e8-694c-bd04f08d7d94,,,Trust,,,192.168.75.29 255.255.255.255,,,
InternalFW,InternetUser_MB_W_INT_WIFI_192.168.15.0,69142a02-62e6-51e8-595e-99cbced57079,,,Trust,,,192.168.15.0 255.255.255.0,,,
InternalFW,IT Support,49fbbb8a-62eb-51e8-eb38-8826e03fdae1,,,Trust,,,192.168.11.0 255.255.255.0,,,
InternalFW,192.168.100.71/32,844cee1a-62ed-51e8-982e-6eb1758750f7,,,DMZ_Zone,,,192.168.100.71 255.255.255.255,,,
InternalFW,65.54.239.22/32,7f8e37d6-62f1-51e8-a42e-a975b06559d1,,,,,,65.54.239.22 255.255.255.255,,,
InternalFW,210.0.229.156_DC6,32e0daba-62f6-51e8-e351-f99693cf009c,,,,,,210.0.229.156 255.255.255.255,,,
InternalFW,210.0.229.174 DC6,4f45f9e2-62f6-51e8-044d-41845c3da1bd,,,,,,210.0.229.174 255.255.255.255,,,
InternalFW,210.0.229.176 DC6,5de99b52-62f6-51e8-e034-44dfdedd0278,,,,,,210.0.229.176 255.255.255.255,,,
InternalFW,210.0.231.64 DC3,78aace0c-62f6-51e8-de96-3d32a376ffcb,,,,,,210.0.231.64 255.255.255.255,,,
InternalFW,210.0.231.65 DC3,8a542446-62f6-51e8-3c59-b98b83a18e8c,,,,,,210.0.231.65 255.255.255.255,,,
InternalFW,210.0.229.161 DC6,07f1c8ae-62f7-51e8-e55b-793397b53706,,,,,,210.0.229.161 255.255.255.255,,,
InternalFW,192.168.201.14/32,a2f5a562-62f9-51e8-e968-fa978f566435,,,Untrust_Metro_Zone,,,192.168.201.14 255.255.255.255,,,
InternalFW,192.168.201.1/32,ae320e98-62f9-51e8-9161-6b680f760529,,,Untrust_Metro_Zone,,,192.168.201.1 255.255.255.255,,,
InternalFW,192.168.202.1/32,fcfaadbe-62f9-51e8-7058-69ad21f73ecb,,,Untrust_Metro_Zone,,,192.168.202.1 255.255.255.255,,,
InternalFW,192.168.202.14/32,081a5c08-62fa-51e8-cb7e-1305d519c5e6,,,Untrust_Metro_Zone,,,192.168.202.14 255.255.255.255,,,
InternalFW,PACS network of Scanning Dept_MBB1,810ce798-6304-51e8-1b66-660eb2017916,,,Scanning_Zone,,,192.168.0.190 255.255.255.255,,,
InternalFW,192.168.0.0/24,2f9808c4-6305-51e8-6802-f062bd4705b7,,,Scanning_Zone,,,192.168.0.0 255.255.255.0,,,
InternalFW,Warehouse CAM,a6605bd0-6866-51e8-5ebf-3ea44db78af8,,,,,,118.140.61.82 255.255.255.255,,,
InternalFW,STH_control_room_PC,cdb7bd54-6866-51e8-2b46-eae245e3825e,,,Trust,,,192.168.12.51 255.255.255.255,,,
InternalFW,eHR Mode C Web Service_118.143.72.13,4475d624-6867-51e8-e2aa-c320227ba348,,,,,,118.143.72.13 255.255.255.255,,,ehr web apps.uat.ehr.gov.hk
InternalFW,eHR Mode C Web Service_118.143.72.23,6d7d5fc4-6867-51e8-0817-902925664d89,,,,,,118.143.72.23 255.255.255.255,,,ehr web ds.uat.ehr.gov.hk
InternalFW,eHR Mode C Web Service_118.143.72.24,8443502e-6867-51e8-37c7-fe2345db8d78,,,,,,118.143.72.24 255.255.255.255,,,ehr web ds.uat.ehr.gov.hk
InternalFW,eHR Mode C Web Service_119.143.72.11,a4c2c744-6867-51e8-3072-e337768f9da8,,,,,,118.143.72.11 255.255.255.255,,,ehr web apps.uat.ehr.gov.hk
InternalFW,Moodlerooms,cad900d4-686b-51e8-9da3-e926f57df976,,fqdn,,,,,,sftp01-ap.moodlerooms.com,
InternalFW,192.168.75.0/24_ITSD network farm,c89ad0b0-686e-51e8-3f86-44d390f368a6,,,Trust,,,192.168.75.0 255.255.255.0,,,Vpn connection to SPH
InternalFW,172.21.212.0/24,6e6fd970-688f-51e8-c671-dafad7e1e98b,,,VPN_Tunnel_Zone,,,172.21.212.0 255.255.255.0,,,
InternalFW,172.21.206.0/24,c548bbea-688f-51e8-1368-9daa57d1e48e,,,Trust,,,172.21.206.0 255.255.255.0,,,
InternalFW,192.168.10.0/24,f3c34f12-688f-51e8-0bac-980bbd1437a0,,,Trust,,,192.168.10.0 255.255.255.0,,,
InternalFW,192.168.10.128/32,adcf2106-6890-51e8-ebb9-47fb2bce1dce,,,Trust,,,192.168.10.128 255.255.255.255,,,
InternalFW,192.168.10.162/32,c25b0cb6-6890-51e8-900d-589fa4f550bc,,,Trust,,,192.168.10.162 255.255.255.255,,,
InternalFW,192.168.10.167/32,da68f566-6890-51e8-2357-05a14a6e77c9,,,Trust,,,192.168.10.167 255.255.255.255,,,
InternalFW,192.168.10.85/32,ec6754b0-6890-51e8-3175-57b8edb7cd1b,,,Trust,,,192.168.10.85 255.255.255.255,,,
InternalFW,192.168.30.0/24,0161a1a4-6891-51e8-a3bf-e0f3d24ecf35,,,Trust,,,192.168.30.0 255.255.255.0,,,
InternalFW,10.66.0.0/16_HDS,51e6e20e-6898-51e8-78f5-734eab9edd6b,,,,,,10.66.0.0 255.255.0.0,,,
InternalFW,KC_WareHouse_Net,ed0b4fca-69fd-51e8-003d-a20a3dc24375,,,,,,10.255.52.0 255.255.255.0,,,Kwai Chung WareHouse LAN Side
InternalFW,wtt_test_object,cd4b8002-6a0b-51e8-1250-bff7ea830fd6,,,wtt_test_zone,,,169.254.254.254 255.255.255.255,,,
InternalFW,118.143.72.250/32,a6caf4f4-6a28-51e8-90c4-d7c73311a4ec,,,,,,118.143.72.250 255.255.255.255,,,
InternalFW,210.0.229.154/32,e134648e-6a2a-51e8-1ab7-7ac5a08d549a,,,VPN_Tunnel_Zone,,,210.0.229.154 255.255.255.255,,,
InternalFW,10.22.0.0/16,2b2168b4-6a2e-51e8-ad7d-434632c18334,,,VPN_Tunnel_Zone,,,10.22.0.0 255.255.0.0,,,
InternalFW,STHWEB,b170ef70-6a2e-51e8-fd06-3d334a8a52e4,,,Trust,,,192.168.10.232 255.255.255.255,,,
InternalFW,210.0.229.97/32,7bb43782-6a30-51e8-7b98-f79e135262ba,,,VPN_Tunnel_Zone,,,210.0.229.97 255.255.255.255,,,
InternalFW,210.0.231.97/32,8ad10b1e-6a30-51e8-dc8d-dca6f67568d2,,,VPN_Tunnel_Zone,,,210.0.231.97 255.255.255.255,,,
InternalFW,210.0.231.129/32,65b14618-75c1-51e8-a061-0263d2680622,,,VPN_Tunnel_Zone,,,210.0.231.129 255.255.255.255,,,
InternalFW,210.0.229.168/32,71a947f4-75c1-51e8-4340-57a393585826,,,VPN_Tunnel_Zone,,,210.0.229.168 255.255.255.255,,,
InternalFW,192.168.10.86/32,13de394c-7b64-51e8-7508-d7c5459fb3e4,,,Trust,,,192.168.10.86 255.255.255.255,,,
InternalFW,192.168.180.217_VM-SQL2016DEV1,862a3b16-9182-51e8-bdd0-5b7db98e41f1,,,Trust,,,192.168.180.217 255.255.255.255,,,
InternalFW,172.21.205.6/32,99b1915c-9182-51e8-8c58-07fa0532bdeb,,,,,,172.21.205.6 255.255.255.255,,,
InternalFW,172.21.206.12/32,b6c53a3c-9182-51e8-d80a-ed4e645fdc98,,,Trust,,,172.21.206.12 255.255.255.255,,,
InternalFW,172.21.206.5/32,ce80c934-9182-51e8-e637-5f7e45d71b37,,,Trust,,,172.21.206.5 255.255.255.255,,,
InternalFW,STHealth_Mobile_App_ser_202.67.170.251,a6a63e78-939c-51e8-339f-7619d9510084,,,,,,202.67.170.251 255.255.255.255,,,
InternalFW,ITWS01_192.168.75.184,01b4f96c-939d-51e8-a421-05eb9f628b82,,,Trust,,,192.168.75.184 255.255.255.255,,,
InternalFW,ITWS30_192.168.75.30/32,25b5704e-939d-51e8-a8a7-eba4cf8e2ea6,,,Trust,,,192.168.75.30 255.255.255.255,,,
InternalFW,210.0.231.154/32,0750212e-939f-51e8-ef77-bc73a141fa5e,,,VPN_Tunnel_Zone,,,210.0.231.154 255.255.255.255,,,
InternalFW,192.168.10.250_Fortimail,131f6f04-93a0-51e8-f3a2-c425e6d06c8a,,,Trust,,,192.168.10.250 255.255.255.255,,,
InternalFW,172.21.212.120/32,1cb4a9ac-93a1-51e8-5c41-ebe5ce85841d,,,,,,172.21.212.120 255.255.255.255,,,
InternalFW,Samsung Knox,664b875e-93a9-51e8-3074-1b7624e522a9,,fqdn,,,,,,samsungknox.com,
InternalFW,192.168.10.115/32,67d0aeec-9467-51e8-63f9-ceede05fb5de,,,Trust,,,192.168.10.115 255.255.255.255,,,
InternalFW,192.168.10.232_STHWEB,adf55cd8-9467-51e8-bc65-93d8074e9981,,,Trust,,,192.168.10.232 255.255.255.255,,,
InternalFW,192.168.10.31/32,c067c31a-9467-51e8-a5e1-833d4b1e56bc,,,Trust,,,192.168.10.31 255.255.255.255,,,
InternalFW,192.168.10.40/32,893bfd68-946a-51e8-8ed9-af63255c9220,,,Trust,,,192.168.10.40 255.255.255.255,,,
InternalFW,172.20.0.254_Firewall_Mgmt,594c1198-9473-51e8-0412-f288b724160d,,,,,,172.20.0.254 255.255.255.255,,,
InternalFW,172.20.0.250_Fortimail_Mgmt,6e035948-9473-51e8-eddb-dbacedaa6c6e,,,,,,172.20.0.250 255.255.255.255,,,
InternalFW,192.168.10.57/32,0b0e49e0-9493-51e8-a947-76e539524b8b,,,Trust,,,192.168.10.57 255.255.255.255,,,
InternalFW,192.168.10.64,1d79d180-9493-51e8-552e-f187a2739b38,,,Trust,,,192.168.10.64 255.255.255.255,,,
InternalFW,192.168.10.81/32,36336312-9493-51e8-f501-20bb4176d3e7,,,Trust,,,192.168.10.81 255.255.255.255,,,
InternalFW,192.168.10.94/32,4d1428aa-9493-51e8-667d-cb42c6cf7f08,,,Trust,,,192.168.10.94 255.255.255.255,,,
InternalFW,192.168.75.30_ITWS30,710dc322-949f-51e8-14af-ce5f92a9f851,,,Trust,,,192.168.75.30 255.255.255.255,,,
InternalFW,202.123.72.148_QDS_Cloud,a4f7b5ee-949f-51e8-4f5c-db06e22a3428,,,,,,202.123.72.148 255.255.255.255,,,
InternalFW,192.168.10.65_QDS,5cb1323c-94a0-51e8-382e-2bed6b2a3ef2,,,Trust,,,192.168.10.65 255.255.255.255,,,
InternalFW,192.168.30.65_STHDQSDEV,80dbdacc-94a0-51e8-3076-7410deec6494,,,Trust,,,192.168.30.65 255.255.255.255,,,
InternalFW,192.168.10.187,30b1f68c-94d0-51e8-f9ef-66f102032986,,,,,,192.168.10.187 255.255.255.255,,,
InternalFW,192.168.10.182,b4191b86-94d0-51e8-ef17-e36ffc4c4f52,,,,,,192.168.10.182 255.255.255.255,,,
InternalFW,192.168.10.162,66f45362-94d4-51e8-de64-665704fb7a13,,,,,,192.168.10.162 255.255.255.255,,,
InternalFW,192.168.100.87/32,0603ed3c-94da-51e8-a41c-9302345f5fbf,,,,,,192.168.100.87 255.255.255.255,,,
InternalFW,192.168.75.12_Test_PC,83fe97d2-960b-51e8-917c-e21fc5423de4,,,,,,192.168.75.12 255.255.255.255,,,
InternalFW,192.168.75.9_PC,454d6b50-961d-51e8-5af8-3ad4ed6723c8,,,,,,192.168.75.9 255.255.255.255,,,
InternalFW,118.143.119.16_apps.core.ehr.gov.hk,8ffe060a-961d-51e8-f12a-ca533f00a41d,,,,,,118.143.119.16 255.255.255.255,,,
InternalFW,118.143.119.15_apps.core.ehr.gov.hk,9c83b21c-961d-51e8-fd64-84d2959d015d,,,,,,118.143.119.15 255.255.255.255,,,
InternalFW,CathLab_Citrix,fee6ca12-9aae-51e8-826f-89f3a46113d8,,,Trust,,,192.168.110.220 255.255.255.255,,,
InternalFW,202.130.114.238,e0bba5a2-9aaf-51e8-1737-4e42a7a8cb73,,,,,,202.130.114.238 255.255.255.255,,,
InternalFW,192.168.75.169,23d939fc-9c7d-51e8-c569-1843044f8e32,,iprange,,192.168.75.169,192.168.75.169,,,,
InternalFW,ITWS13,beb6c658-a11c-51e8-6475-a6530cec22e2,,,Trust,,,192.168.75.13 255.255.255.255,,,
InternalFW,Exchange13A,b2685406-b572-51e8-0d0b-76eaf25eaba9,,,Trust,,,192.168.30.251 255.255.255.255,,,
InternalFW,Exchange13B,c284b500-b572-51e8-23d1-b87d7d4293ae,,,Trust,,,192.168.30.252 255.255.255.255,,,
InternalFW,remote-support.tumbleweed.com,dcf5b602-d2b2-51e8-39fa-b0f08678538a,,fqdn,,,,,,remote-support.tumbleweed.com,MailGate Remote Support
InternalFW,WelTek,1c9af9d4-0ef9-51e9-10dd-5b966d64e91b,,,,,,115.160.148.10 255.255.255.255,,,
InternalFW,STH_HGC,793a0e90-0eff-51e9-586b-0cf3d486eb3f,,,,,,118.140.100.0 255.255.255.0,,,
InternalFW,test,8bbedf90-0f28-51e9-ecb2-90f4d8c8ad63,,,DMZ_Zone,,,192.168.100.192 255.255.255.255,,,
InternalFW,Agfa,a49366ae-0fef-51e9-abef-17aec0a9d9bc,,,,,,210.3.75.26 255.255.255.255,,,
InternalFW,Octopus,ec491730-0ff1-51e9-f828-0fa6ec63b65f,,,,,,115.160.162.162 255.255.255.255,,,
InternalFW,WTT,19979286-13e2-51e9-2591-e5ed71c6bc99,,,,,,115.160.136.122 255.255.255.255,,,
InternalFW,AGFA_address1,41e95bf4-1485-51e9-6274-10289584dbb9,,,,,,112.118.120.120 255.255.255.255,,,
InternalFW,AGFA_address2,52cbea7c-1485-51e9-5138-63edd89b03cb,,,,,,61.15.32.95 255.255.255.255,,,
InternalFW,WTT_JOE,6733ae52-17d0-51e9-fb9c-fd56c0fc833d,,,,,,59.152.192.18 255.255.255.255,,,
InternalFW,LIS_address1,e977b958-1a28-51e9-5155-bb27cccba075,,,,,,114.243.8.11 255.255.255.255,,,
InternalFW,LIS_address2,f6de85e0-1a28-51e9-36b2-3dc105c37746,,,,,,36.112.10.117 255.255.255.255,,,
InternalFW,Lab,23ffc9e2-1d32-51e9-0b8d-85de772d37c3,,,,,,61.51.155.132 255.255.255.255,,,
InternalFW,LIS vendor1,e2ba3bf4-1d52-51e9-8c59-27e03f3cd13a,,,,,,36.112.10.116 255.255.255.255,,,
InternalFW,LIS vendor2,f025e46e-1d52-51e9-3031-d5e8a9ed5da0,,,,,,42.197.157.77 255.255.255.255,,,
InternalFW,ITWS14,5dfd522a-2432-51e9-30d1-f3dded1d3c2e,,,,,,192.168.75.14 255.255.255.255,,,
InternalFW,LIS_DDNS,e737d786-3198-51e9-221d-bcac687e4f7e,,fqdn,,,,,,googzzgsee.ddns.net,
InternalFW,POS and Kiosk octopus,36e40a96-396b-51e9-e7b3-2f46192adfe0,,,,,,61.244.2.28 255.255.255.255,,,
INTER_WIFI,none,cec377a0-fcf1-51e7-c546-3eb2e8d3dea6,,,,,,0.0.0.0 255.255.255.255,,,
INTER_WIFI,adobe,cec383bc-fcf1-51e7-78c0-9535fcef2d56,,wildcard-fqdn,,,,,*.adobe.com,,
INTER_WIFI,Adobe Login,cec38f74-fcf1-51e7-b52a-e28efd3b8626,,wildcard-fqdn,,,,,*.adobelogin.com,,
INTER_WIFI,android,cec39adc-fcf1-51e7-0af8-6443cbebb4f2,,wildcard-fqdn,,,,,*.android.com,,
INTER_WIFI,apple,cec3a630-fcf1-51e7-a10b-bd832a4839d5,,wildcard-fqdn,,,,,*.apple.com,,
INTER_WIFI,appstore,cec3b170-fcf1-51e7-2740-a2a5e23eb904,,wildcard-fqdn,,,,,*.appstore.com,,
INTER_WIFI,auth.gfx.ms,cec3bcba-fcf1-51e7-060d-523eca781fe7,,wildcard-fqdn,,,,,*auth.gfx.ms,,
INTER_WIFI,autoupdate.opera.com,cec3c7e6-fcf1-51e7-22be-8f9e06758343,,fqdn,,,,,,autoupdate.opera.com,
INTER_WIFI,citrix,cec3d844-fcf1-51e7-05bd-407cedebb8dc,,wildcard-fqdn,,,,,*.citrixonline.com,,
INTER_WIFI,dropbox.com,cec3e37a-fcf1-51e7-ca69-de9dd750f42e,,wildcard-fqdn,,,,,*.dropbox.com,,
INTER_WIFI,eease,cec3eec4-fcf1-51e7-0815-cce5dbb4d9c7,,wildcard-fqdn,,,,,*.eease.com,,
INTER_WIFI,firefox update server,cec3fa22-fcf1-51e7-3867-a8bf6a151590,,wildcard-fqdn,,,,,aus*.mozilla.org,,
INTER_WIFI,fortinet,cec4056c-fcf1-51e7-aaeb-80b3f05ceb57,,wildcard-fqdn,,,,,*.fortinet.com,,
INTER_WIFI,googleapis.com,cec410c0-fcf1-51e7-e2c6-862fe42a069e,,wildcard-fqdn,,,,,*.googleapis.com,,
INTER_WIFI,google-drive,cec41bf6-fcf1-51e7-7ea1-d1618c49e62e,,wildcard-fqdn,,,,,*drive.google.com,,
INTER_WIFI,google-play,cec4272c-fcf1-51e7-a0df-04c306a7f7de,,fqdn,,,,,,play.google.com,
INTER_WIFI,google-play2,cec4328a-fcf1-51e7-9cbd-c23c8d8a2fb0,,wildcard-fqdn,,,,,*.ggpht.com,,
INTER_WIFI,google-play3,cec43dc0-fcf1-51e7-bfee-883c8b5109bb,,wildcard-fqdn,,,,,*.books.google.com,,
INTER_WIFI,Gotomeeting,cec448ec-fcf1-51e7-8ab2-6f25acd7bdd7,,wildcard-fqdn,,,,,*.gotomeeting.com,,
INTER_WIFI,icloud,cec45440-fcf1-51e7-a029-01449c79c6aa,,wildcard-fqdn,,,,,*.icloud.com,,
INTER_WIFI,itunes,cec45f8a-fcf1-51e7-9cc0-3d07425a408c,,wildcard-fqdn,,,,,*itunes.apple.com,,
INTER_WIFI,microsoft,cec46aca-fcf1-51e7-d0ad-58acaf779222,,wildcard-fqdn,,,,,*.microsoft.com,,
INTER_WIFI,skype,cec4761e-fcf1-51e7-b85b-fc0821939eca,,wildcard-fqdn,,,,,*.messenger.live.com,,
INTER_WIFI,softwareupdate.vmware.com,cec4815e-fcf1-51e7-e4df-84d97e6e74eb,,wildcard-fqdn,,,,,*softwareupdate.vmware.com,,
INTER_WIFI,swscan.apple.com,cec48ca8-fcf1-51e7-c7eb-6f2a93a92786,,fqdn,,,,,,swscan.apple.com,
INTER_WIFI,update.microsoft.com,cec497f2-fcf1-51e7-44dc-6622820db6a8,,fqdn,,,,,,update.microsoft.com,
INTER_WIFI,verisign,cec4a3a0-fcf1-51e7-1d49-9590ead6cb45,,wildcard-fqdn,,,,,*.verisign.com,,
INTER_WIFI,Windows update 2,cec4aeea-fcf1-51e7-5cfa-a997db3785d1,,wildcard-fqdn,,,,,*.windowsupdate.com,,
INTER_WIFI,live.com,cec4ba34-fcf1-51e7-e6cf-a0a3cbcfa807,,wildcard-fqdn,,,,,*.live.com,,
INTER_WIFI,SSLVPN_TUNNEL_ADDR1,cf4014cc-fcf1-51e7-00dc-d097451c22a2,,iprange,ssl.INTER_WIFI,10.212.134.200,10.212.134.210,,,,
INTER_WIFI,all,cf402cc8-fcf1-51e7-9020-0ef0ea11fd1d,,,,,,,,,
INTER_WIFI,FIREWALL_AUTH_PORTAL_ADDRESS,cf402ef8-fcf1-51e7-514d-ab3d314129ad,disable,,,,,,,,
INTER_WIFI,ITSD_WIFI_Test_Address,927b5e90-0d7f-51e8-93cd-27d5ddde2b39,,,Wifi_FreeAccess,,,172.20.16.10 255.255.255.255,,,ITSD S3 Office
INTER_WIFI,s.jpush.cn_STHealth_Mobile_App,9ba52afc-21af-51e8-b033-80807c7ed8f9,,fqdn,,,,,,s.jpush.cn,STHealth mobile APP push message services server
INTER_WIFI,im.jpush.cn_STHealth_mobile_APP,c3659eea-21b0-51e8-823d-a9c00cc99543,,fqdn,,,,,,im.jpush.cn,STHealth mobile APP push message services
INTER_WIFI,stats.jpush.cn_STHealth_mobile_APP,f5f824a4-21b0-51e8-30b4-63410358fbd4,,fqdn,,,,,,stats.jpush.cn,STHealth mobile APP push message services
inter_wifi,none,828a6090-04c2-51e9-696c-7a2bfe5b4394,,,,,,0.0.0.0 255.255.255.255,,,
inter_wifi,adobe,828a6ef0-04c2-51e9-cc81-21fffa8e01bc,,wildcard-fqdn,,,,,*.adobe.com,,
inter_wifi,Adobe Login,828a7d5a-04c2-51e9-a0b5-df314f714320,,wildcard-fqdn,,,,,*.adobelogin.com,,
inter_wifi,android,828a8ba6-04c2-51e9-37a6-1908a6650304,,wildcard-fqdn,,,,,*.android.com,,
inter_wifi,apple,828a99ca-04c2-51e9-a455-1839d13c5225,,wildcard-fqdn,,,,,*.apple.com,,
inter_wifi,appstore,828aa816-04c2-51e9-0b69-7c6449cfd539,,wildcard-fqdn,,,,,*.appstore.com,,
inter_wifi,auth.gfx.ms,828ab6bc-04c2-51e9-9ea0-d1bc517db138,,wildcard-fqdn,,,,,*auth.gfx.ms,,
inter_wifi,autoupdate.opera.com,828ac5da-04c2-51e9-4956-523b9fa21b3e,,fqdn,,,,,,autoupdate.opera.com,
inter_wifi,citrix,828ada2a-04c2-51e9-efb4-8a5b2fa9bd45,,wildcard-fqdn,,,,,*.citrixonline.com,,
inter_wifi,dropbox.com,828ae862-04c2-51e9-c634-7d97412ec9df,,wildcard-fqdn,,,,,*.dropbox.com,,
inter_wifi,eease,828af726-04c2-51e9-8c1e-a67040f7ad5e,,wildcard-fqdn,,,,,*.eease.com,,
inter_wifi,firefox update server,828b0572-04c2-51e9-97cd-778cf9848e1b,,wildcard-fqdn,,,,,aus*.mozilla.org,,
inter_wifi,fortinet,828b1396-04c2-51e9-dd3f-0fa93d81545d,,wildcard-fqdn,,,,,*.fortinet.com,,
inter_wifi,googleapis.com,828b21ce-04c2-51e9-f4f1-0a9320d4f8f7,,wildcard-fqdn,,,,,*.googleapis.com,,
inter_wifi,google-drive,828b2fc0-04c2-51e9-0871-e8eea668c697,,wildcard-fqdn,,,,,*drive.google.com,,
inter_wifi,google-play,828b3ea2-04c2-51e9-e873-12c6065d8194,,fqdn,,,,,,play.google.com,
inter_wifi,google-play2,828b4e6a-04c2-51e9-9e55-4944e4c3c747,,wildcard-fqdn,,,,,*.ggpht.com,,
inter_wifi,google-play3,828b5cca-04c2-51e9-86ce-7e7628d3a4bc,,wildcard-fqdn,,,,,*.books.google.com,,
inter_wifi,Gotomeeting,828b6ae4-04c2-51e9-5f1d-2ad5137f651c,,wildcard-fqdn,,,,,*.gotomeeting.com,,
inter_wifi,icloud,828b7976-04c2-51e9-8006-66faf9d0bbe2,,wildcard-fqdn,,,,,*.icloud.com,,
inter_wifi,itunes,828b8844-04c2-51e9-ad78-7585532ee460,,wildcard-fqdn,,,,,*itunes.apple.com,,
inter_wifi,microsoft,828b967c-04c2-51e9-7e50-af05f1e527c5,,wildcard-fqdn,,,,,*.microsoft.com,,
inter_wifi,skype,828ba496-04c2-51e9-c57c-b592405cdf57,,wildcard-fqdn,,,,,*.messenger.live.com,,
inter_wifi,softwareupdate.vmware.com,828bb29c-04c2-51e9-6242-611e10fa9dfb,,wildcard-fqdn,,,,,*softwareupdate.vmware.com,,
inter_wifi,swscan.apple.com,828bc0d4-04c2-51e9-f882-e0b969394b63,,fqdn,,,,,,swscan.apple.com,
inter_wifi,update.microsoft.com,828bcef8-04c2-51e9-631b-861c9fd97433,,fqdn,,,,,,update.microsoft.com,
inter_wifi,verisign,828bdd26-04c2-51e9-93b2-c54f93862800,,wildcard-fqdn,,,,,*.verisign.com,,
inter_wifi,Windows update 2,828beb36-04c2-51e9-0c38-dccdbb38944f,,wildcard-fqdn,,,,,*.windowsupdate.com,,
inter_wifi,live.com,828bf928-04c2-51e9-5326-2adb2dea793f,,wildcard-fqdn,,,,,*.live.com,,
inter_wifi,SSLVPN_TUNNEL_ADDR1,82f0ef5e-04c2-51e9-ae68-baadbb64ea6a,,iprange,ssl.inter_wifi,10.212.134.200,10.212.134.210,,,,
inter_wifi,all,82f10958-04c2-51e9-596c-001c6c1f3bca,,,,,,,,,
inter_wifi,FIREWALL_AUTH_PORTAL_ADDRESS,82f10be2-04c2-51e9-b581-0f9e8e0afecc,disable,,,,,,,,
