vdom,name,uuid,subnet,visibility,type,associated-interface,start-ip,end-ip
root,none,12843286-449d-51e6-c84f-cb410e71b8dc,0.0.0.0 255.255.255.255,,,,,
root,all,129744fc-449d-51e6-5c70-e110cd939c1f,,,,,,
root,FIREWALL_AUTH_PORTAL_ADDRESS,2f7ecd28-70be-51ea-9fc8-04350eebdabb,,disable,,,,
root,SSLVPN_TUNNEL_ADDR1,12979c72-449d-51e6-534a-c383a7cba076,,,iprange,ssl.root,10.212.134.200,10.212.134.210
DTH1COMM,none,4957a956-7198-51ea-6b1c-d7634aab4091,0.0.0.0 255.255.255.255,,,,,
DTH1COMM,SSLVPN_TUNNEL_ADDR1,49da87c2-7198-51ea-f281-c445c3152b58,,,iprange,ssl.DTH1COMM,10.212.134.200,10.212.134.210
DTH1COMM,all,49dab058-7198-51ea-3b5e-bec6d0548747,,,,,,
DTH1COMM,FIREWALL_AUTH_PORTAL_ADDRESS,49dab3a0-7198-51ea-7ed1-525865923c9f,,disable,,,,
DTH1COMM,host_10.63.142.209,bcd7e4d6-c6b1-51ea-6ee8-6291e5bc8175,10.63.142.209 255.255.255.255,,,,,
DTH1COMM,host_10.163.143.210,cc1381a8-c6b1-51ea-4220-6270d34ba15c,10.163.143.210 255.255.255.255,,,,,
DTH1COMM,net_10.1.153.0/24,dfcbf478-c6b1-51ea-6b57-c757e8a33e63,10.1.153.0 255.255.255.0,,,,,
DTH1COMM,net_10.151.34.0/24,7314c0fc-c6b2-51ea-f02d-e2c99ff8fa62,10.151.34.0 255.255.255.0,,,,,
DTH1COMM,net_10.151.52.0/24,7e4cf80e-c6b2-51ea-7bdc-e69e51387503,10.151.52.0 255.255.255.0,,,,,
DTH1COMM,net_10.151.54.0/24,88d7699e-c6b2-51ea-95ed-b19e4ce40fe4,10.151.54.0 255.255.255.0,,,,,
DTH1COMM,net_10.151.58.0/24,9bfe8c1e-c6b2-51ea-f9f4-706c12d62411,10.151.58.0 255.255.255.0,,,,,
DTH1COMM,net_10.161.2.0/24,a556f3aa-c6b2-51ea-d187-ab70a010a226,10.161.2.0 255.255.255.0,,,,,
DTH1COMM,net_10.161.4.0/24,ae487678-c6b2-51ea-6c65-350545294a7e,10.161.4.0 255.255.255.0,,,,,
DTH1COMM,net_10.170.34.0/24,c493cc98-c6b2-51ea-8571-4c84200bf4c4,10.170.34.0 255.255.255.0,,,,,
DTH1COMM,net_10.170.54.0/24,d000842c-c6b2-51ea-4642-11063f8a40f2,10.170.54.0 255.255.255.0,,,,,
DTH1COMM,net_10.164.1.0/24,4ce18374-c802-51ea-8611-b270a939ab3b,10.164.1.0 255.255.255.0,,,,,
DTH1COMM,net_10.164.129.0/24,4ce22108-c802-51ea-dc21-5e70db9c4140,10.164.129.0 255.255.255.0,,,,,
DTH1COMM,net_10.63.142.0/24,4ce2c216-c802-51ea-bcd7-ab7f90eb380b,10.63.142.0 255.255.255.0,,,,,
DTH1COMM,net_10.163.142.0/24,4ce35be0-c802-51ea-68ce-6f614df23818,10.163.142.0 255.255.255.0,,,,,
DTH1COMM,net_10.163.143.0/24,4ce3f7d0-c802-51ea-d765-6f3c0670fe4a,10.163.143.0 255.255.255.0,,,,,
DTH1COMM,net_10.245.127.0/24,4ce4924e-c802-51ea-aba2-1d83ed9dac79,10.245.127.0 255.255.255.0,,,,,
DTH1COMM,net_10.245.132.0/24,4ce527e0-c802-51ea-e932-7691f10edaef,10.245.132.0 255.255.255.0,,,,,
DTH1COMM,net_10.249.127.0/24,4ce5bd68-c802-51ea-ae13-32c382c28af2,10.249.127.0 255.255.255.0,,,,,
DTH1COMM,net_10.249.132.0/24,4ce656ce-c802-51ea-f0cb-0d14398765ac,10.249.132.0 255.255.255.0,,,,,
DTH1COMM,range_10.244.64.68-70,4ce6eee0-c802-51ea-2794-969fa98d02ee,,,iprange,,10.244.64.68,10.244.64.70
DTH1COMM,range_10.248.64.68-70,4ce7b3c0-c802-51ea-cc65-35a8d0c11dd4,,,iprange,,10.248.64.68,10.248.64.70
DTH1COMM,host_10.164.1.21,4ce879ae-c802-51ea-7ced-ea0322357e5c,10.164.1.21 255.255.255.255,,,,,
DTH1COMM,host_10.164.1.26,4ce910b2-c802-51ea-4bbd-8b55c17a8dd3,10.164.1.26 255.255.255.255,,,,,
DTH1COMM,host_10.164.1.27,4ce9a7ca-c802-51ea-f561-3c6817401dc6,10.164.1.27 255.255.255.255,,,,,
DTH1COMM,host_10.164.130.26,4cea44f0-c802-51ea-0b73-e1d751b901ab,10.164.130.26 255.255.255.255,,,,,
DTH1COMM,host_10.164.129.21,4ceae464-c802-51ea-57f7-d36c9b28e6e1,10.164.129.21 255.255.255.255,,,,,
DTH1COMM,host_10.248.64.43,4ceb81b2-c802-51ea-c1ec-3c0c2db32897,10.248.64.43 255.255.255.255,,,,,
DTH1COMM,host_10.244.130.6,4cec1f6e-c802-51ea-651d-c890aabfdf97,10.244.130.6 255.255.255.255,,,,,
DTH1COMM,host_10.244.64.88,4cecbbe0-c802-51ea-b003-96e84c0e2680,10.244.64.88 255.255.255.255,,,,,
DTH1COMM,net_10.152.54.0/24,4ced51a4-c802-51ea-5029-7519fc8b5399,10.152.54.0 255.255.255.0,,,,,
DTH1COMM,net_10.170.64.0/24,4cee70de-c802-51ea-2111-e11458a1712c,10.170.64.0 255.255.255.0,,,,,
DTH1COMM,range_10.164.1.200-201,4cef0ec2-c802-51ea-aa83-a193b0c6659c,,,iprange,,10.164.1.200,10.164.1.201
DTH1COMM,range_10.164.129.200-201,4cefdb4a-c802-51ea-bc4c-145cd5b45de0,,,iprange,,10.164.129.200,10.164.129.201
DTH1COMM,net_10.152.58.0/24,4cf12b94-c802-51ea-712c-b2027fc31b10,10.152.58.0 255.255.255.0,,,,,
DTH1COMM,range_10.244.192.88-90,4cf1cd88-c802-51ea-ea42-126bf11802e9,,,iprange,,10.244.192.88,10.244.192.90
DTH1COMM,host_10.245.95.100,4cf29808-c802-51ea-fc17-822d9416701d,10.245.95.100 255.255.255.255,,,,,
DTH1COMM,host_10.245.95.102,4cf3336c-c802-51ea-f1cd-72e00a2abfbc,10.245.95.102 255.255.255.255,,,,,
DTH1COMM,host_10.245.95.111,4cf3d0ec-c802-51ea-aa41-934b0e40b99f,10.245.95.111 255.255.255.255,,,,,
DTH1COMM,range_10.248.192.88-90,4cf4745c-c802-51ea-7e67-fb4dab847713,,,iprange,,10.248.192.88,10.248.192.90
DTH1COMM,range_10.249.95.99-100,4cf53e00-c802-51ea-463e-d8e502a4024f,,,iprange,,10.249.95.99,10.249.95.100
DTH1COMM,host_10.249.95.102,4cf60664-c802-51ea-ceb8-976d9e3ad6a9,10.249.95.102 255.255.255.255,,,,,
DTH1COMM,host_10.245.132.39,4cf6a614-c802-51ea-950a-e69ab53a3ffc,10.245.132.39 255.255.255.255,,,,,
DTH1COMM,host_10.245.132.51,4cf7445c-c802-51ea-9562-c2828958df69,10.245.132.51 255.255.255.255,,,,,
DTH1COMM,host_10.249.132.58,4cf7e3ee-c802-51ea-2b3d-70d287dac737,10.249.132.58 255.255.255.255,,,,,
DTH1COMM,host_10.249.132.60,4cf87f5c-c802-51ea-83ca-dccb5a2f833d,10.249.132.60 255.255.255.255,,,,,
DTH1COMM,host_10.244.64.77,4cf91a20-c802-51ea-6a25-2257cacc5d79,10.244.64.77 255.255.255.255,,,,,
DTH1COMM,host_10.248.64.77,4cf9b566-c802-51ea-ff14-9bf9c3bed9c7,10.248.64.77 255.255.255.255,,,,,
DTH1COMM,net_10.248.95.0,4cfa4c88-c802-51ea-4bea-6d84e9b68a4e,10.248.95.0 255.255.255.0,,,,,
DTH1COMM,host_10.245.79.24,4cfae68e-c802-51ea-6f30-c2d92202a627,10.245.79.24 255.255.255.255,,,,,
DTH1COMM,host_10.249.79.24,4cfb7e3c-c802-51ea-e374-e1ec0f7221f2,10.249.79.24 255.255.255.255,,,,,
DTH1COMM,range_10.245.79.19-20,4cfc1b12-c802-51ea-5350-eadf3b5cd81e,,,iprange,,10.245.79.19,10.245.79.29
DTH1COMM,host_10.245.95.19,4cfcdfd4-c802-51ea-422b-53da47998b24,10.245.95.19 255.255.255.255,,,,,
DTH1COMM,host_10.249.79.19,4cfd7b74-c802-51ea-ddbc-a802b7fabeea,10.249.79.19 255.255.255.255,,,,,
DTH1COMM,host_10.245.127.67,4cfe14bc-c802-51ea-f14c-bc5ee72faba1,10.245.127.67 255.255.255.255,,,,,
DTH1COMM,host_10.249.127.51,4cfeacd8-c802-51ea-cac1-6c61bd8e7366,10.249.127.51 255.255.255.255,,,,,
DTH1COMM,range_10.245.132.73-75,4cff4a1c-c802-51ea-1bfc-f5f34a8ada29,,,iprange,,10.245.132.73,10.245.132.75
DTH1COMM,range_10.245.127.38-46,4d0011d6-c802-51ea-ffa5-d4ac8bd78208,,,iprange,,10.245.127.38,10.245.127.46
DTH1COMM,range_10.249.132.49-50,4d00da44-c802-51ea-dd8a-17aa91deb873,,,iprange,,10.249.132.49,10.249.132.50
DTH1COMM,host_10.249.132.59,4d01a00a-c802-51ea-49c4-f571444e5e86,10.249.132.59 255.255.255.255,,,,,
DTH1COMM,range_10.249.127.35-44,4d023ede-c802-51ea-a80c-213a4719eafd,,,iprange,,10.249.127.35,10.249.127.44
DTH1COMM,host_10.63.142.130,4d0304ae-c802-51ea-ee5b-f1157e68b751,10.63.142.130 255.255.255.255,,,,,
DTH1COMM,host_10.63.142.133,4d039cde-c802-51ea-74c5-91375090b45b,10.63.142.133 255.255.255.255,,,,,
DTH1COMM,range_10.163.142.23-24,4d0439aa-c802-51ea-7ee7-bcb0ee3e3696,,,iprange,,10.163.142.34,10.163.143.24
DTH1COMM,net_10.152.52.0/24,4d0580c6-c802-51ea-3931-bccd31b1edd6,10.152.52.0 255.255.255.0,,,,,
DTH1COMM,range_10.244.64.19-20,4d0618a6-c802-51ea-1f42-7f76f9b1d7cf,,,iprange,,10.244.64.19,10.244.64.20
DTH1COMM,host_10.244.64.43,4d06d8a4-c802-51ea-f12d-98136c4b1edc,10.244.64.43 255.255.255.255,,,,,
DTH1COMM,net_10.152.34.0/24,4d07728c-c802-51ea-cbfe-c48f88bc58f6,10.152.34.0 255.255.255.0,,,,,
DTH1COMM,host_10.245.126.181,4d090d72-c802-51ea-4fdb-7a1ddd14e03b,10.245.126.181 255.255.255.255,,,,,
DTH1COMM,host_10.249.126.181,4d09a840-c802-51ea-66a7-815d82478917,10.249.126.181 255.255.255.255,,,,,
DTH1COMM,host_10.170.54.89,4d0a43a4-c802-51ea-2b22-4d644e0f1f8e,10.170.54.89 255.255.255.255,,,,,
DTH1COMM,host_10.244.64.41,4d0adb52-c802-51ea-e33a-fb048ca69d02,10.244.64.41 255.255.255.255,,,,,
DTH1COMM,host_10.248.64.41,4d0b7404-c802-51ea-21e7-6e4728f32557,10.248.64.41 255.255.255.255,,,,,
DTH1COMM,net_10.2.153.0/24,4d0c0dd8-c802-51ea-4bfc-67fd72c579e0,10.2.153.0 255.255.255.0,,,,,
DTH1COMM,host_10.164.1.40,bbba7b4e-c815-51ea-94fc-1c93b3bc6be2,10.164.40.1 255.255.255.255,,,,,
DTH1COMM,range_10.170.53.89-90,c2810302-ca78-51ea-caf9-32eceb1655ee,,,iprange,,10.170.53.89,10.170.53.90
DTH1COMM,host_10.170.53.95,8581204e-ca79-51ea-5239-805b406ffef6,10.170.53.95 255.255.255.255,,,,,
DTH1COMM,net_10.151.25.0/24,ac63b352-ca79-51ea-dbb4-5a4839bfaa1e,10.151.25.0 255.255.255.0,,,,,
DTH1COMM,net_10.151.5.0/24,bee5256a-ca79-51ea-fe3f-ef336ec4be21,10.151.5.0 255.255.255.0,,,,,
DTH1COMM,host_10.151.5.38,d945c3a6-ca79-51ea-9738-eda93c54d58a,10.151.5.38 255.255.255.255,,,,,
DTH1COMM,host_10.151.5.86,e688b87a-ca79-51ea-7402-238ea736eb5b,10.151.5.86 255.255.255.255,,,,,
DTH1COMM,range_10.151.5.37-38,fbff7a9a-ca79-51ea-a18f-aac86c567fbf,,,iprange,,10.151.5.37,10.151.5.38
DTH1COMM,host_10.151.5.37,0b1e31c4-ca7a-51ea-1ce7-696a6b2dac29,10.151.5.37 255.255.255.255,,,,,
DTH1COMM,net_10.1.150.0/24,253002ae-ca7a-51ea-530d-2d3f5bd75176,10.1.150.0 255.255.255.0,,,,,
DTH1COMM,host_10.1.150.21,3646d7fc-ca7a-51ea-bd18-b1f573eef2bd,10.1.150.21 255.255.255.255,,,,,
DTH1COMM,range_10.151.58.101-102,aa1efdb8-cad8-51ea-6534-29d84882741d,,,iprange,,10.151.58.101,10.151.58.102
DTH1COMM,range_10.151.58.155-157,bd96ecf2-cad8-51ea-2c32-6a472cc3f88b,,,iprange,,10.151.58.155,10.151.58.157
DTH1COMM,range_10.151.54.133-138,37c4e628-cad9-51ea-28cc-13ea44e2305e,,,iprange,,10.151.54.133,10.151.54.138
DTH1COMM,range_10.151.54.53-77,4d83e90a-cad9-51ea-ed8f-ae1ba3aaeb92,,,iprange,,10.151.54.53,10.151.54.77
DTH1COMM,range_10.151.54.80-83,61666ee8-cad9-51ea-28af-a1de1a9f37a3,,,iprange,,10.151.54.80,10.151.54.83
DTH1COMM,host_10.151.54.86,aab931fc-cad9-51ea-a43f-28e622fb77c8,10.151.54.86 255.255.255.255,,,,,
DTH1COMM,net_10.172.68.0/24,dcba6590-cd8b-51ea-93df-9a39643bd0ed,10.172.68.0 255.255.255.0,,,,,
DTH1COMM,net_10.172.69.0/24,e96914bc-cd8b-51ea-cc7c-89515d3f78f0,10.172.69.0 255.255.255.0,,,,,
DTH1COMM,net_10.172.70.0/24,f73fc5c2-cd8b-51ea-7e65-4810336f5539,10.172.70.0 255.255.255.0,,,,,
DTH1COMM,IP_10.164.1.40,4db732e4-db7b-51ea-c4b3-852810c66f59,10.164.1.40 255.255.255.255,,,,,
DTH1COMM,IP_10.63.142.134,198b928a-dba8-51ea-172c-4ba10a0fa347,10.63.142.134 255.255.255.255,,,,,
DTH1COMM,IP_10.63.142.135,198c2696-dba8-51ea-5e0b-0cc50ff900f5,10.63.142.135 255.255.255.255,,,,,
DTH1COMM,IP_10.170.53.95,198d2b04-dba8-51ea-3dea-6faff2751922,10.170.53.95 255.255.255.255,,,,,
DTH1DEV,none,2840a9fc-7198-51ea-3892-da4b1059a91c,0.0.0.0 255.255.255.255,,,,,
DTH1DEV,SSLVPN_TUNNEL_ADDR1,28c2b8c0-7198-51ea-07b2-ef6ec4c932d3,,,iprange,ssl.DTH1DEV,10.212.134.200,10.212.134.210
DTH1DEV,all,28c2e1ba-7198-51ea-56dc-54f526142de6,,,,,,
DTH1DEV,FIREWALL_AUTH_PORTAL_ADDRESS,28c2e534-7198-51ea-f06a-ac51b1639a2a,,disable,,,,
DTH1DEV,net_10.161.5.0/24,fdb2cca0-af2d-51ea-e379-0aeacbc79131,10.161.5.0 255.255.255.0,,,I.DEV,,
DTH1DEV,net_10.170.53.0/24,e3767c8a-cd85-51ea-6af7-4ee753a6fa21,10.170.53.0 255.255.255.0,,,,,
DTH1HSN,none,37a14b2c-7198-51ea-ebef-e991f1ee8550,0.0.0.0 255.255.255.255,,,,,
DTH1HSN,SSLVPN_TUNNEL_ADDR1,38225f96-7198-51ea-555b-a96ca8c965b0,,,iprange,ssl.DTH1HSN,10.212.134.200,10.212.134.210
DTH1HSN,all,38228872-7198-51ea-bed8-c48862177936,,,,,,
DTH1HSN,FIREWALL_AUTH_PORTAL_ADDRESS,38228bba-7198-51ea-1876-8448391f1558,,disable,,,,
DTH1HKATS1,none,41820c26-7198-51ea-8d07-edba04eec411,0.0.0.0 255.255.255.255,,,,,
DTH1HKATS1,SSLVPN_TUNNEL_ADDR1,42042a62-7198-51ea-46e0-b31cbe1a4eda,,,iprange,ssl.DTH1HKATS1,10.212.134.200,10.212.134.210
DTH1HKATS1,all,4204533e-7198-51ea-8460-e1930b5ae9d8,,,,,,
DTH1HKATS1,FIREWALL_AUTH_PORTAL_ADDRESS,42045690-7198-51ea-9b6d-f1a94118d677,,disable,,,,
DTH1HKATS1,net_10.151.54.0/24,028e9766-8f69-51ea-3870-0ef400d36f9b,10.151.54.0 255.255.255.0,,,,,
DTH1HKATS1,net_10.164.1.0/24,029c00e0-8f69-51ea-42b5-20e16bbff06a,10.164.1.0 255.255.255.0,,,,,
DTH1HKATS1,net_10.164.129.0/24,02a35386-8f69-51ea-5faf-91a2e4d2b718,10.164.129.0 255.255.255.0,,,,,
DTH1HKATS1,net_10.63.142.0/24,02aa53b6-8f69-51ea-d617-cf4d32e2b948,10.63.142.0 255.255.255.0,,,,,
DTH1HKATS1,net_10.163.142.0/24,02b2bf88-8f69-51ea-00f6-96ec68d328a1,10.163.142.0 255.255.255.0,,,,,
DTH1HKATS1,net_10.163.143.0/24,02b8d65c-8f69-51ea-36e0-9819d6f49df3,10.163.143.0 255.255.255.0,,,,,
DTH1HKATS1,net_10.245.127.0/24,02c09e8c-8f69-51ea-5c9e-500cad46ed5a,10.245.127.0 255.255.255.0,,,,,
DTH1HKATS1,net_10.245.132.0/24,02c70a42-8f69-51ea-33b5-411779d401a8,10.245.132.0 255.255.255.0,,,,,
DTH1HKATS1,net_10.249.127.0/24,02ced1d2-8f69-51ea-e7fa-658a275c0b51,10.249.127.0 255.255.255.0,,,,,
DTH1HKATS1,net_10.249.132.0/24,02d5b042-8f69-51ea-985f-061c15f872b3,10.249.132.0 255.255.255.0,,,,,
DTH1HKATS1,range_10.244.64.68-70,4935c5fe-8f69-51ea-95bf-cf5c2c95b6fb,,,iprange,,10.244.64.68,10.244.64.70
DTH1HKATS1,range_10.248.64.68-70,494726a0-8f69-51ea-718f-325b99ce2b87,,,iprange,,10.248.64.68,10.248.64.70
DTH1HKATS1,host_10.164.1.21,d89ad194-8f69-51ea-0602-494746456cce,10.164.1.21 255.255.255.255,,,,,
DTH1HKATS1,host_10.164.1.26,d8a943c8-8f69-51ea-4fc1-a1fd86c8b96c,10.164.1.26 255.255.255.255,,,,,
DTH1HKATS1,host_10.164.1.27,d8af80f8-8f69-51ea-e36f-c50f2163e45b,10.164.1.27 255.255.255.255,,,,,
DTH1HKATS1,host_10.164.130.26,d8b723f8-8f69-51ea-0cdb-12c52f09743e,10.164.130.26 255.255.255.255,,,,,
DTH1HKATS1,host_10.164.129.21,d8bf3a66-8f69-51ea-47ae-66f1c7bfe78d,10.164.129.21 255.255.255.255,,,,,
DTH1HKATS1,host_10.248.64.43,d8c52d0e-8f69-51ea-0bed-e299fc29f37c,10.248.64.43 255.255.255.255,,,,,
DTH1HKATS1,host_10.244.130.6,d8cc5dcc-8f69-51ea-8e0f-0dd069e99234,10.244.130.6 255.255.255.255,,,,,
DTH1HKATS1,host_10.244.64.88,d8d3146e-8f69-51ea-6572-2271db47ea66,10.244.64.88 255.255.255.255,,,,,
DTH1HKATS1,10.1.1.0/24,4ff725de-929a-51ea-6396-a11b7bfcec36,10.1.1.0 255.255.255.0,,,D.OTPC,,
DTH1HKATS1,net_10.152.54.0/24,7c8805a0-936c-51ea-897d-c89b2f6368af,10.152.54.0 255.255.255.0,,,,,
DTH1HKATS1,net_10.170.54.0/24,3121142a-9453-51ea-ccf4-a4fbdc626eef,10.170.54.0 255.255.255.0,,,,,
DTH1HKATS1,net_10.170.64.0/24,3ba39d8c-9453-51ea-e473-9b7a0cd78c24,10.170.64.0 255.255.255.0,,,,,
DTH1HKATS1,range_10.164.1.200-201,339242a0-9454-51ea-5bc1-a1c7af13a7a9,,,iprange,,10.164.1.200,10.164.1.201
DTH1HKATS1,range_10.164.129.200-201,4999d18a-9454-51ea-4a36-f1c0a08edd42,,,iprange,,10.164.129.200,10.164.129.201
DTH1HKATS1,net_10.151.58.0/24,7988a79e-9455-51ea-c20d-c4ace1ce0713,10.151.58.0 255.255.255.0,,,,,
DTH1HKATS1,net_10.152.58.0/24,90a8c684-9455-51ea-2e86-93fd5be6c499,10.152.58.0 255.255.255.0,,,,,
DTH1HKATS1,range_10.244.192.88-90,783ccf56-9459-51ea-aadd-467db311ba4c,,,iprange,,10.244.192.88,10.244.192.90
DTH1HKATS1,host_10.245.95.100,93c9c968-9459-51ea-c71e-71edf3bc8469,10.245.95.100 255.255.255.255,,,,,
DTH1HKATS1,host_10.245.95.102,a433f8d2-9459-51ea-9a18-2e98b0b9078f,10.245.95.102 255.255.255.255,,,,,
DTH1HKATS1,host_10.245.95.111,acbe69ba-9459-51ea-e688-12e47a41b5c7,10.245.95.111 255.255.255.255,,,,,
DTH1HKATS1,range_10.248.192.88-90,bd6d0852-9459-51ea-2f29-3858be22b211,,,iprange,,10.248.192.88,10.248.192.90
DTH1HKATS1,range_10.249.95.99-100,d16c58b2-9459-51ea-3e1e-008523ee3b79,,,iprange,,10.249.95.99,10.249.95.100
DTH1HKATS1,host_10.249.95.102,e16889ac-9459-51ea-38b7-de64ef0d1e3b,10.249.95.102 255.255.255.255,,,,,
DTH1HKATS1,host_10.245.132.39,f7944950-9459-51ea-8cf9-ce68cc4c0fba,10.245.132.39 255.255.255.255,,,,,
DTH1HKATS1,host_10.245.132.51,05327b40-945a-51ea-16cf-97410e8bfce6,10.245.132.51 255.255.255.255,,,,,
DTH1HKATS1,host_10.249.132.58,0cd1a970-945a-51ea-8d92-e7971b1b5856,10.249.132.58 255.255.255.255,,,,,
DTH1HKATS1,host_10.249.132.60,15af448a-945a-51ea-e7fd-5b9bc75a3072,10.249.132.60 255.255.255.255,,,,,
DTH1HKATS1,host_10.244.64.77,1f77fb60-945a-51ea-3e7d-a526b596c5ee,10.244.64.77 255.255.255.255,,,,,
DTH1HKATS1,host_10.248.64.77,3dd2cae0-945a-51ea-66fa-cdde118a6a5d,10.248.64.77 255.255.255.255,,,,,
DTH1HKATS1,net_10.248.95.0,48236540-945a-51ea-9c9e-bb0bffbe1f8d,10.248.95.0 255.255.255.0,,,,,
DTH1HKATS1,host_10.245.79.24,50628fd8-945a-51ea-97dd-fd20fd4195f5,10.245.79.24 255.255.255.255,,,,,
DTH1HKATS1,host_10.249.79.24,587407c4-945a-51ea-fbc7-b560c94cbf4d,10.249.79.24 255.255.255.255,,,,,
DTH1HKATS1,range_10.245.79.19-20,624c9752-945a-51ea-0e95-04f0b9e61c82,,,iprange,,10.245.79.19,10.245.79.29
DTH1HKATS1,host_10.245.95.19,8a20d5cc-945a-51ea-3c1b-8a12448b8fc0,10.245.95.19 255.255.255.255,,,,,
DTH1HKATS1,host_10.249.79.19,90b8f586-945a-51ea-a849-7445d88cc9d8,10.249.79.19 255.255.255.255,,,,,
DTH1HKATS1,host_10.245.127.67,a05c9f2e-945a-51ea-1973-8c83e9dc5c51,10.245.127.67 255.255.255.255,,,,,
DTH1HKATS1,host_10.249.127.51,a7ebf064-945a-51ea-30f5-bb13f8443e53,10.249.127.51 255.255.255.255,,,,,
DTH1HKATS1,range_10.245.132.73-75,ae9c6dc6-945a-51ea-e83d-415e382cf9a2,,,iprange,,10.245.132.73,10.245.132.75
DTH1HKATS1,range_10.245.127.38-46,bc3ee9e0-945a-51ea-1d17-1adf39407621,,,iprange,,10.245.127.38,10.245.127.46
DTH1HKATS1,range_10.249.132.49-50,c897be7e-945a-51ea-bc2f-ac10f1520410,,,iprange,,10.249.132.49,10.249.132.50
DTH1HKATS1,host_10.249.132.59,d7ba194c-945a-51ea-3fba-199d1cf79180,10.249.132.59 255.255.255.255,,,,,
DTH1HKATS1,range_10.249.127.35-44,df0b126e-945a-51ea-a79c-dd420744577d,,,iprange,,10.249.127.35,10.249.127.44
DTH1HKATS1,host_10.63.142.130,edcb267c-945a-51ea-e075-c6d94f9cdc3c,10.63.142.130 255.255.255.255,,,,,
DTH1HKATS1,host_10.63.142.133,f624d8cc-945a-51ea-6cfa-4d478cc918fb,10.63.142.133 255.255.255.255,,,,,
DTH1HKATS1,range_10.163.142.23-24,fdaa9d16-945a-51ea-d44c-bf9d63b29963,,,iprange,,10.163.142.34,10.163.143.24
DTH1HKATS1,net_10.151.52.0/24,c4625c84-9972-51ea-c20d-d8fdd0a8451f,10.151.52.0 255.255.255.0,,,I.HKATS,,
DTH1HKATS1,net_10.152.52.0/24,e2ea8fd2-9972-51ea-c287-e22ddba1e092,10.152.52.0 255.255.255.0,,,,,
DTH1HKATS1,host_10.244.64.43,92da0f26-9cc5-51ea-18d4-3ffef34e2032,10.244.64.43 255.255.255.255,,,,,
DTH1HKATS1,range_10.244.64.19-20,28d143c2-ac8f-51ea-4e75-29522a094bcb,,,iprange,,10.244.64.19,10.244.64.20
DTH1HKATS1,net_10.151.34.0/24,735d15f2-ad2e-51ea-358f-16dd697f4337,10.151.34.0 255.255.255.0,,,,,
DTH1HKATS1,net_10.152.34.0/24,86bc2b4c-ad2e-51ea-e5fc-0b5eedf76bf0,10.152.34.0 255.255.255.0,,,,,
DTH1HKATS1,IP_10.170.53.95,227b3972-dba8-51ea-5b9e-bdf56bce5118,10.170.53.95 255.255.255.255,,,,,
DTH1HKATS1,IP_10.151.5.37,227e099a-dba8-51ea-eb07-a5c7b5c5f111,10.151.5.37 255.255.255.255,,,,,
DTH1HKATS1,IP_10.152.5.35,227e94e6-dba8-51ea-03ed-665bcd09f557,10.152.5.35 255.255.255.255,,,,,
DTH1HKATS1,IP_10.151.25.12,227f1d6c-dba8-51ea-27ca-df5b36755bf4,10.151.25.12 255.255.255.255,,,,,
DTH1HKATS1,IP_10.152.25.12,227fa548-dba8-51ea-1b5c-27f1f2ff1867,10.152.25.12 255.255.255.255,,,,,
DTH1HKATS1,net_239.1.1.0/24,228187be-dba8-51ea-acf3-4b88b0d615ae,239.1.1.0 255.255.255.0,,,,,
DTH1HKATS1,net_239.1.127.0/24,22820f54-dba8-51ea-b997-f80bf971b94f,239.1.127.0 255.255.255.0,,,,,
DTH1HKATS1,IP_10.241.51.51,22830ea4-dba8-51ea-ae7e-a4bf026c67a4,10.241.51.51 255.255.255.255,,,,,
DTH1HKATS1,IP_10.241.51.52,22839766-dba8-51ea-f71e-4d0195f8b7a0,10.241.51.52 255.255.255.255,,,,,
DTH1HKATS1,IP_10.241.51.55,22842474-dba8-51ea-6d90-dd995ac0d37e,10.241.51.55 255.255.255.255,,,,,
DTH1HKATS1,IP_10.241.151.51,2284af20-dba8-51ea-c983-cbdfecfe9595,10.241.151.51 255.255.255.255,,,,,
DTH1HKATS1,IP_10.241.151.52,228537ec-dba8-51ea-fa24-767b178d795b,10.241.151.52 255.255.255.255,,,,,
DTH1HKATS1,IP_10.241.151.55,2285c3b0-dba8-51ea-6b5b-9d8dea6bf766,10.241.151.55 255.255.255.255,,,,,
DTH1HKATS1,IP_159.220.180.3,22864f92-dba8-51ea-d367-d986a0acf458,159.220.180.3 255.255.255.255,,,,,
DTH1HKATS1,IP_159.220.180.66,2286db74-dba8-51ea-69e1-2531382b9cf0,159.220.180.66 255.255.255.255,,,,,
DTH1HKATS1,IP_10.63.91.11,22876a26-dba8-51ea-bc24-da6574138046,10.63.91.11 255.255.255.255,,,,,
DTH1HKATS1,IP_10.63.92.11,2287f2b6-dba8-51ea-7e1a-48b615a1b968,10.63.92.11 255.255.255.255,,,,,
DTH1HKATS1,IP_10.244.128.13,22887bb4-dba8-51ea-f117-5600b9c06466,10.244.128.13 255.255.255.255,,,,,
DTH1HKATS1,IP_10.151.25.11,2289062e-dba8-51ea-6fc2-037d82e3c5f4,10.151.25.11 255.255.255.255,,,,,
DTH1HKATS1,IP_10.152.25.11,22898e6e-dba8-51ea-6ec5-8b40d8d34ff6,10.152.25.11 255.255.255.255,,,,,
DTH1HKATS1,IP_10.170.53.89,228a18c0-dba8-51ea-eb9e-6ee7ddd0a817,10.170.53.89 255.255.255.255,,,,,
DTH1HKATS1,IP_10.170.53.90,228a9fca-dba8-51ea-d851-695551c8ab08,10.170.53.90 255.255.255.255,,,,,
DTH1HKATS1,IP_10.170.63.89,228b294a-dba8-51ea-f5dd-d610a7554583,10.170.63.89 255.255.255.255,,,,,
DTH1HKATS1,IP_10.170.63.90,228bb450-dba8-51ea-ac0f-8b4bc6c89223,10.170.63.90 255.255.255.255,,,,,
DTH1HKATS1,IP_10.170.53.96,228c3d62-dba8-51ea-c57d-baaf37357825,10.170.53.96 255.255.255.255,,,,,
DTH1HKATS1,IP_10.170.63.96,228cc750-dba8-51ea-88f2-6e432c01f1d7,10.170.63.96 255.255.255.255,,,,,
DTH1HKATS1,IP_174.20.2.86,228d5026-dba8-51ea-540f-46f7d947e702,174.20.2.86 255.255.255.255,,,,,
DTH1HKATS1,IP_10.244.128.134,228dd99c-dba8-51ea-9edf-08e44dd2aae9,10.244.128.134 255.255.255.255,,,,,
DTH1HKATS1,IP_10.248.128.134,228e63c6-dba8-51ea-e8b9-4744826ca6f3,10.248.128.134 255.255.255.255,,,,,
DTH1HKATS1,IP_10.245.126.179,228ef1ba-dba8-51ea-0606-20b25c1b97b3,10.245.126.179 255.255.255.255,,,,,
DTH1HKATS1,IP_10.249.126.179,228f7eb4-dba8-51ea-0ee8-c51d7fa6c0ec,10.249.126.179 255.255.255.255,,,,,
DTH1HKATS1,IP_10.245.126.181,22900b7c-dba8-51ea-d427-9a502b460b43,10.245.126.181 255.255.255.255,,,,,
DTH1HKATS1,IP_10.249.126.181,22909ae2-dba8-51ea-a432-72864fca3051,10.249.126.181 255.255.255.255,,,,,
DTH1HKATS1,IP_10.1.90.113,22912318-dba8-51ea-5172-26f4e2b899de,10.1.90.113 255.255.255.255,,,,,
DTH1HKATS1,IP_10.1.90.114,2291ab3a-dba8-51ea-c23c-a71d45308150,10.1.90.114 255.255.255.255,,,,,
DTH1HKATS1,IP_10.2.90.113,22923302-dba8-51ea-427a-a279e880371e,10.2.90.113 255.255.255.255,,,,,
DTH1HKATS1,IP_10.2.90.114,2292ba20-dba8-51ea-666d-69d6477ad2db,10.2.90.114 255.255.255.255,,,,,
DTH1HKATS1,IP_10.70.2.33,229342ec-dba8-51ea-4525-46c0635aec05,10.70.2.33 255.255.255.255,,,,,
DTH1HKATS1,IP_10.70.2.34,2293cb36-dba8-51ea-478c-b96842e45b41,10.70.2.34 255.255.255.255,,,,,
DTH1HKATS1,IP_10.70.12.33,229453e4-dba8-51ea-e073-0ecf827941e7,10.70.12.33 255.255.255.255,,,,,
DTH1HKATS1,IP_10.70.12.34,2294dbac-dba8-51ea-7863-4f14c57c5e70,10.70.12.34 255.255.255.255,,,,,
DTH1HKATS1,IP_10.1.90.82,2295d7f0-dba8-51ea-eaa7-717641b786ed,10.1.90.82 255.255.255.255,,,,,
DTH1HKATS1,IP_10.1.90.83,22965eb4-dba8-51ea-ded8-a329f0c8a031,10.1.90.83 255.255.255.255,,,,,
DTH1HKATS1,IP_10.2.90.82,2296e24e-dba8-51ea-5d07-314c4bb2913e,10.2.90.82 255.255.255.255,,,,,
DTH1HKATS1,IP_10.2.90.83,229765fc-dba8-51ea-fa43-32ef90047b43,10.2.90.83 255.255.255.255,,,,,
DTH1HKATS1,IP_10.151.5.75,2297ec3e-dba8-51ea-c90b-9b10e429012f,10.151.5.75 255.255.255.255,,,,,
DTH1HKATS1,IP_10.152.5.75,22987546-dba8-51ea-318d-ed972ba94aa0,10.152.5.75 255.255.255.255,,,,,
DTH1HKATS1,IP_10.244.192.90,2298ff70-dba8-51ea-6f43-84e12da7e375,10.244.192.90 255.255.255.255,,,,,
DTH1HKATS1,IP_10.245.95.102,2299897c-dba8-51ea-6193-1199067bfcdd,10.245.95.102 255.255.255.255,,,,,
DTH1HKATS1,IP_10.248.192.90,229a12e8-dba8-51ea-c63c-1415c4964b0b,10.248.192.90 255.255.255.255,,,,,
DTH1HKATS1,IP_10.249.95.102,229a9f10-dba8-51ea-5fa8-455d9c3adb44,10.249.95.102 255.255.255.255,,,,,
DTH1HKATS1,IP_10.80.1.95,229b25c0-dba8-51ea-a68f-9a7ec580bdb6,10.80.1.95 255.255.255.255,,,,,
DTH1HKATS1,IP_10.80.2.95,229bac8e-dba8-51ea-8a0c-9abd5cb318ae,10.80.2.95 255.255.255.255,,,,,
DTH1HKATS1,IP_10.244.64.174,4f19e0ec-e106-51ea-1965-b8bba4ff8a8e,10.244.64.174 255.255.255.255,,,,,
DTH1HKATS1,IP_10.248.64.174,56d44ad4-e106-51ea-5468-7fb89367db07,10.248.64.174 255.255.255.255,,,,,
DTH1HKATS1,net_10.244.64.0/24,bd8a1652-e10e-51ea-68ea-0f19f92b4b19,10.244.64.0 255.255.255.0,,,,,
DTH1MC1,none,5290e3c0-7198-51ea-6d55-88d0631eba7b,0.0.0.0 255.255.255.255,,,,,
DTH1MC1,SSLVPN_TUNNEL_ADDR1,5313335c-7198-51ea-8ae7-cda948dba809,,,iprange,ssl.DTH1MC1,10.212.134.200,10.212.134.210
DTH1MC1,all,53135b3e-7198-51ea-aaa9-c75f7249f0d4,,,,,,
DTH1MC1,FIREWALL_AUTH_PORTAL_ADDRESS,53135e90-7198-51ea-1a1c-dfac833b236e,,disable,,,,
DTH1TBP,none,6d2d5d6c-7198-51ea-3e1c-ddcc85dd00b0,0.0.0.0 255.255.255.255,,,,,
DTH1TBP,SSLVPN_TUNNEL_ADDR1,6daee832-7198-51ea-4319-2f12f8920c0e,,,iprange,ssl.DTH1TBP,10.212.134.200,10.212.134.210
DTH1TBP,all,6daf1078-7198-51ea-6633-92b736c667b8,,,,,,
DTH1TBP,FIREWALL_AUTH_PORTAL_ADDRESS,6daf13ca-7198-51ea-5832-6093996c6dae,,disable,,,,
DTH1TBP,net_10.151.54.0/24,cc3cebec-9678-51ea-022b-e5c43005619b,10.151.54.0 255.255.255.0,,,,,
DTH1TBP,net_10.164.1.0/24,cc4da784-9678-51ea-564b-d0bf63d04830,10.164.1.0 255.255.255.0,,,,,
DTH1TBP,net_10.164.129.0/24,cc586f98-9678-51ea-34d3-187f14237000,10.164.129.0 255.255.255.0,,,,,
DTH1TBP,net_10.63.142.0/24,cc64bd02-9678-51ea-c659-6de1a45ef215,10.63.142.0 255.255.255.0,,,,,
DTH1TBP,net_10.163.142.0/24,cc6df656-9678-51ea-b428-c9260e3e106e,10.163.142.0 255.255.255.0,,,,,
DTH1TBP,net_10.163.143.0/24,cc78a498-9678-51ea-39a8-5fdf13ec1891,10.163.143.0 255.255.255.0,,,,,
DTH1TBP,net_10.245.127.0/24,cc8362b6-9678-51ea-55cd-0b69e2709678,10.245.127.0 255.255.255.0,,,,,
DTH1TBP,net_10.245.132.0/24,cc8d13b0-9678-51ea-832b-92c7286dc240,10.245.132.0 255.255.255.0,,,,,
DTH1TBP,net_10.249.127.0/24,cc95c92e-9678-51ea-1e71-f01d11fe8dd1,10.249.127.0 255.255.255.0,,,,,
DTH1TBP,net_10.249.132.0/24,cc9f1542-9678-51ea-b862-bbf938e4328b,10.249.132.0 255.255.255.0,,,,,
DTH1TBP,range_10.244.64.68-70,ccaa0268-9678-51ea-c83d-6b112b6a0e2e,,,iprange,,10.244.64.68,10.244.64.70
DTH1TBP,range_10.248.64.68-70,ccb7bc32-9678-51ea-e675-f6ecb4df60ef,,,iprange,,10.248.64.68,10.248.64.70
DTH1TBP,host_10.164.1.21,ccc56544-9678-51ea-f60d-8a5f21101c15,10.164.1.21 255.255.255.255,,,,,
DTH1TBP,host_10.164.1.26,ccce632e-9678-51ea-144b-ee5eb3fbcd0b,10.164.1.26 255.255.255.255,,,,,
DTH1TBP,host_10.164.1.27,ccd84b46-9678-51ea-ffbd-1b2ac49ab0ae,10.164.1.27 255.255.255.255,,,,,
DTH1TBP,host_10.164.130.26,cce14dd6-9678-51ea-5bcb-dbfe5a086baa,10.164.130.26 255.255.255.255,,,,,
DTH1TBP,host_10.164.129.21,cceb62a8-9678-51ea-8da8-68ab570534eb,10.164.129.21 255.255.255.255,,,,,
DTH1TBP,host_10.248.64.43,ccf43914-9678-51ea-2227-2e0e5633a7c9,10.248.64.43 255.255.255.255,,,,,
DTH1TBP,host_10.244.130.6,ccff1046-9678-51ea-2f4f-591e48db7891,10.244.130.6 255.255.255.255,,,,,
DTH1TBP,host_10.244.64.88,cd08abba-9678-51ea-31a5-4e4ad3b9ed85,10.244.64.88 255.255.255.255,,,,,
DTH1TBP,10.1.1.0/24,cd13557e-9678-51ea-62a0-6f62761549a5,10.1.1.0 255.255.255.0,,,,,
DTH1TBP,net_10.152.54.0/24,cd2067d2-9678-51ea-17ad-6eb3d9ebc488,10.152.54.0 255.255.255.0,,,,,
DTH1TBP,net_10.170.54.0/24,cd29a6f8-9678-51ea-81d2-c5fd92a3cb74,10.170.54.0 255.255.255.0,,,,,
DTH1TBP,net_10.170.64.0/24,cd32b6a8-9678-51ea-4a63-737c5b525c3b,10.170.64.0 255.255.255.0,,,,,
DTH1TBP,range_10.164.1.200-201,cd3e02ba-9678-51ea-c9a0-1ab2492c1993,,,iprange,,10.164.1.200,10.164.1.201
DTH1TBP,range_10.164.129.200-201,cd502472-9678-51ea-c514-aece42cc1451,,,iprange,,10.164.129.200,10.164.129.201
DTH1TBP,net_10.151.58.0/24,cd5f7f6c-9678-51ea-9fca-bbadb48cbd43,10.151.58.0 255.255.255.0,,,,,
DTH1TBP,net_10.152.58.0/24,cd6940d8-9678-51ea-8333-e3c6009df7c1,10.152.58.0 255.255.255.0,,,,,
DTH1TBP,range_10.244.192.88-90,cd73bb3a-9678-51ea-e3cc-7f2136fb9afc,,,iprange,,10.244.192.88,10.244.192.90
DTH1TBP,host_10.245.95.100,cd826fa4-9678-51ea-0234-238a2a9612ae,10.245.95.100 255.255.255.255,,,,,
DTH1TBP,host_10.245.95.102,cd8a9756-9678-51ea-807e-2494f7cec7f6,10.245.95.102 255.255.255.255,,,,,
DTH1TBP,host_10.245.95.111,cd940fca-9678-51ea-0501-e34a62ad4108,10.245.95.111 255.255.255.255,,,,,
DTH1TBP,range_10.248.192.88-90,cd9d7380-9678-51ea-b0f9-692cad0277c6,,,iprange,,10.248.192.88,10.248.192.90
DTH1TBP,range_10.249.95.99-100,cdac55d0-9678-51ea-52cf-62f60d6b441a,,,iprange,,10.249.95.99,10.249.95.100
DTH1TBP,host_10.249.95.102,cdbb489c-9678-51ea-5615-67ea8d38113e,10.249.95.102 255.255.255.255,,,,,
DTH1TBP,host_10.245.132.39,cdc4363c-9678-51ea-f52a-10a2106c17f0,10.245.132.39 255.255.255.255,,,,,
DTH1TBP,host_10.245.132.51,cdcd0d70-9678-51ea-b211-a530598fed9f,10.245.132.51 255.255.255.255,,,,,
DTH1TBP,host_10.249.132.58,cdd68486-9678-51ea-62a8-d87cf0f635b2,10.249.132.58 255.255.255.255,,,,,
DTH1TBP,host_10.249.132.60,cde15988-9678-51ea-d970-e4ea6c31785e,10.249.132.60 255.255.255.255,,,,,
DTH1TBP,host_10.244.64.77,cde9f700-9678-51ea-39de-255d7225645e,10.244.64.77 255.255.255.255,,,,,
DTH1TBP,host_10.248.64.77,cdf46c62-9678-51ea-71b3-2ae719dfda1c,10.248.64.77 255.255.255.255,,,,,
DTH1TBP,net_10.248.95.0,cdfc91e4-9678-51ea-7a2e-d9f09d24846d,10.248.95.0 255.255.255.0,,,,,
DTH1TBP,host_10.245.79.24,ce078ff4-9678-51ea-e01a-42547ea5548d,10.245.79.24 255.255.255.255,,,,,
DTH1TBP,host_10.249.79.24,ce104d6a-9678-51ea-a6fb-5a4835c5b702,10.249.79.24 255.255.255.255,,,,,
DTH1TBP,range_10.245.79.19-20,ce19a91e-9678-51ea-19af-0e91d498dfdb,,,iprange,,10.245.79.19,10.245.79.29
DTH1TBP,host_10.245.95.19,ce28e8fc-9678-51ea-4510-5014dcc8f736,10.245.95.19 255.255.255.255,,,,,
DTH1TBP,host_10.249.79.19,ce30fef2-9678-51ea-4cca-febc247e5651,10.249.79.19 255.255.255.255,,,,,
DTH1TBP,host_10.245.127.67,ce3ba834-9678-51ea-974b-5c1a7f7b0b94,10.245.127.67 255.255.255.255,,,,,
DTH1TBP,host_10.249.127.51,ce493544-9678-51ea-ed38-e6806b49de4d,10.249.127.51 255.255.255.255,,,,,
DTH1TBP,range_10.245.132.73-75,ce4d792e-9678-51ea-7c31-bd166ba7c49e,,,iprange,,10.245.132.73,10.245.132.75
DTH1TBP,range_10.245.127.38-46,ce5c8fc2-9678-51ea-fc68-15f852b44b5f,,,iprange,,10.245.127.38,10.245.127.46
DTH1TBP,range_10.249.132.49-50,ce6a116a-9678-51ea-c9db-50ca19150d61,,,iprange,,10.249.132.49,10.249.132.50
DTH1TBP,host_10.249.132.59,ce790468-9678-51ea-eeb6-5e03071d6e31,10.249.132.59 255.255.255.255,,,,,
DTH1TBP,range_10.249.127.35-44,ce835148-9678-51ea-d450-a4e26bb4b107,,,iprange,,10.249.127.35,10.249.127.44
DTH1TBP,host_10.63.142.130,ce935b38-9678-51ea-bafc-f053948fe503,10.63.142.130 255.255.255.255,,,,,
DTH1TBP,host_10.63.142.133,ce9d2d20-9678-51ea-2159-250d929f1787,10.63.142.133 255.255.255.255,,,,,
DTH1TBP,range_10.163.142.23-24,cea5f91e-9678-51ea-065c-d655108abf45,,,iprange,,10.163.142.34,10.163.143.24
DTH1TBP,net_10.151.52.0/24,c374970a-9973-51ea-3bcc-30f51faadc4a,10.151.52.0 255.255.255.0,,,,,
DTH1TBP,net_10.152.52.0/24,ce6587d2-9973-51ea-5603-6e066819eaba,10.152.52.0 255.255.255.0,,,,,
DTH1TBP,range_10.244.64.19-20,7db96f88-9cc0-51ea-e10f-a19eea842041,,,iprange,,10.244.64.19,10.244.64.20
DTH1TBP,host_10.244.64.43,7cb0b8d0-9cc5-51ea-532c-82df65872489,10.244.64.43 255.255.255.255,,,,,
DTH1TBP,net_10.1.85.0,18823fb2-aadc-51ea-a083-40162583fd19,10.1.85.0 255.255.255.0,,,,,
DTH1TBP,net_10.152.34.0/24,47390124-ad52-51ea-a400-0055181a8205,10.152.34.0 255.255.255.0,,,,,
DTH1TBP,net_10.151.34.0/24,619cabd8-ad52-51ea-3852-0f7cc145169b,10.151.34.0 255.255.255.0,,,,,
DTH1TBP,range_10.170.53.89-90,fca7e91e-aec2-51ea-084e-eb922c5867e7,,,iprange,,10.170.53.89,10.170.53.90
DTH1TBP,host_10.170.33.11,f6fe8d04-aece-51ea-0be5-aca9284bc0ed,10.170.33.11 255.255.255.255,,,,,
DTH1TBP,net_10.170.34.0/24,12b8dd7e-aecf-51ea-bebd-03e63910db0b,10.170.34.0 255.255.255.0,,,,,
DTH1TBP,host_10.245.126.181,37723390-aecf-51ea-ecd9-d989e659f17a,10.245.126.181 255.255.255.255,,,,,
DTH1TBP,host_10.249.126.181,43bb3818-aecf-51ea-99d1-75e78faffcf2,10.249.126.181 255.255.255.255,,,,,
DTH1TBP,host_10.170.54.89,52e5e824-aecf-51ea-49de-6a0543a794b5,10.170.54.89 255.255.255.255,,,,,
DTH1TBP,host_10.244.64.41,81bbec5c-aecf-51ea-f1d2-900e2a5ffded,10.244.64.41 255.255.255.255,,,,,
DTH1TBP,host_10.248.64.41,8bd6b0aa-aecf-51ea-a047-dce157a32bb8,10.248.64.41 255.255.255.255,,,,,
DTH1TBP,net_10.161.5.0/24,9a592540-aecf-51ea-b5be-6e4da453a312,10.161.5.0 255.255.255.0,,,,,
DTH1TBP,net_10.162.5.0/24,9a69e858-aecf-51ea-562c-a98fb3ffaf28,10.162.5.0 255.255.255.0,,,,,
DTH1TBP,host_10.170.53.95,c3901fd6-aecf-51ea-c77e-69843f7e620b,10.170.53.95 255.255.255.255,,,,,
DTH1TBP,host_10.170.63.95,d4ea6c1e-aecf-51ea-1905-39add104c5b9,10.170.63.95 255.255.255.255,,,,,
DTH1TBP,net_10.170.53.0/24,0778c508-af30-51ea-0c43-8c5e4dfc9035,10.170.53.0 255.255.255.0,,,I.HTBP,,
DTH1TBP,net_10.2.153.0/24,4ccd8870-ba78-51ea-9e2d-664d35cd9f24,10.2.153.0 255.255.255.0,,,,,
DTH1TBP,range_10.152.25.11-12,83596550-baa8-51ea-2d02-c5306f03cb73,,,iprange,,10.152.25.11,10.152.25.12
DTH1TBP,host_10.161.5.199,9a2288d4-baa8-51ea-44e7-12983562095e,10.161.5.199 255.255.255.255,,,,,
DTH1TBP,net_10.152.5.0/24,cbc8a300-baa8-51ea-2616-1101af54878a,10.152.5.0 255.255.255.0,,,,,
DTH1TBP,host_10.152.5.35,ef4d8bf6-baa8-51ea-4d4a-f81b2bf3d778,10.152.5.35 255.255.255.255,,,,,
DTH1TBP,host_10.152.5.99,f7c97ff6-baa8-51ea-4bb0-ff69174fd4a1,10.152.5.99 255.255.255.255,,,,,
DTH1TBP,net_10.244.64.0/24,239d33d4-baa9-51ea-5f5d-49fcfdf2cc28,10.244.64.0 255.255.255.0,,,,,
DTH1TBP,net_10.248.64.0/24,2ecc6c5c-baa9-51ea-751d-d698d5bdccf2,10.248.64.0 255.255.255.0,,,,,
DTH1TBP,net_192.168.36.0/24,48383aea-baa9-51ea-70d9-5327e4a47677,192.168.36.0 255.255.255.0,,,,,
DTH1TBP,net_192.168.80.0/24,57bccb7a-baa9-51ea-a5af-4bbbf617bb15,192.168.80.0 255.255.255.0,,,,,
DTH1TBP,range_10.151.13.101-102,8ad3f93e-baa9-51ea-b064-278caa59a9c9,,,iprange,,10.151.13.101,10.151.13.102
DTH1TBP,range_10.151.13.155-156,becad6cc-baa9-51ea-10df-1335aa280062,,,iprange,,10.151.13.155,10.151.13.156
DTH1TBP,range_10.151.14.101-102,51a725a4-baaa-51ea-dcbf-1b421b3171ba,,,iprange,,10.151.14.101,10.151.14.102
DTH1TBP,range_10.151.14.155-157,51c13cd2-baaa-51ea-1512-95e76ee5bf3a,,,iprange,,10.151.14.155,10.151.14.157
DTH1TBP,range_10.152.13.101-102,6787f2ae-baaa-51ea-fc47-8e654d842c24,,,iprange,,10.152.13.101,10.152.13.102
DTH1TBP,range_10.152.13.155-156,67a200d6-baaa-51ea-684c-f4f8762a19d8,,,iprange,,10.152.13.155,10.152.13.156
DTH1TBP,range_10.151.12.103-104,8c8d9586-baaa-51ea-6ced-8861e73c8e05,,,iprange,,10.151.12.103,10.151.12.104
DTH1TBP,range_10.151.12.161-166,8ca455d2-baaa-51ea-5201-f0addc25538d,,,iprange,,10.151.12.161,10.151.12.166
DTH1TBP,range_10.152.12.103-104,9f2e93e8-baaa-51ea-5fd1-90ec1db99bf9,,,iprange,,10.152.12.103,10.152.12.104
DTH1TBP,range_10.152.12.161-166,9f4522f2-baaa-51ea-e028-e9f968812678,,,iprange,,10.152.12.161,10.152.12.166
DTH1TBP,host_10.151.13.157,c5d68172-baaa-51ea-d7b2-b4cbe17d99c9,10.151.13.157 255.255.255.255,,,,,
DTH1TBP,host_10.152.13.157,ce86cd5e-baaa-51ea-13d4-542438dd6ab1,10.152.13.157 255.255.255.255,,,,,
DTH1TBP,host_10.151.12.171,db8403dc-baaa-51ea-a3fc-ed32b39ffa4d,10.151.12.171 255.255.255.255,,,,,
DTH1TBP,host_10.152.12.171,e45809c2-baaa-51ea-8f9b-3d6e5b5c7eb4,10.152.12.171 255.255.255.255,,,,,
DTH1TBP,host_10.151.12.37,383a64f4-baab-51ea-8aa8-1669a09d8cc9,10.151.12.37 255.255.255.255,,,,,
DTH1TBP,host_10.152.12.35,5c644b60-baab-51ea-118a-40161dba50b8,10.152.12.35 255.255.255.255,,,,,
DTH1TBP,host_10.151.5.37,690c0132-baab-51ea-4b0a-8ed4ea95dc29,10.151.5.37 255.255.255.255,,,,,
DTH1TBP,host_10.151.54.86,792130b0-baab-51ea-838c-4cac5741464c,10.151.54.86 255.255.255.255,,,,,
DTH1TBP,host_10.151.54.37,831cb62a-baab-51ea-0e23-d723b6daad06,10.151.54.37 255.255.255.255,,,,,
DTH1TBP,host_10.152.54.99,962348ce-baab-51ea-7727-cbcc3a8c50a3,10.152.54.99 255.255.255.255,,,,,
DTH1TBP,host_10.152.54.35,9dc4e83a-baab-51ea-8898-3093f9580052,10.152.54.35 255.255.255.255,,,,,
DTH1TBP,range_10.151.58.101-102,c149faca-baab-51ea-4155-1eb0d5da892c,,,iprange,,10.151.58.101,10.151.58.102
DTH1TBP,range_10.151.58.155-157,db06a148-baab-51ea-779c-c560332a8f8b,,,iprange,,10.151.58.155,10.151.58.157
DTH1TBP,range_10.152.58.101-102,f47f06ce-baab-51ea-ca7e-b6be9e2a6c9e,,,iprange,,10.152.58.101,10.152.58.102
DTH1TBP,range_10.152.58.155-157,f4964ee2-baab-51ea-698d-8880bb7b7155,,,iprange,,10.152.58.155,10.152.58.157
DTH1TBP,net_192.176.4.0/24,0210e2bc-baac-51ea-f934-07fd4f90a451,192.176.4.0 255.255.255.0,,,,,
DTH1TBP,host_10.245.126.180,247410f4-baac-51ea-17fe-8f456648f8ca,10.245.126.180 255.255.255.255,,,,,
DTH1TBP,host_10.151.4.37,33a838b6-baac-51ea-8028-bf19f26b7561,10.151.4.37 255.255.255.255,,,,,
DTH1TBP,net_10.151.5.0/24,477745ee-baac-51ea-a48d-9638e254b4c8,10.151.5.0 255.255.255.0,,,,,
DTH1TBP,net_10.151.25.0/24,516cdc62-baac-51ea-012f-8bc5a2a6f8f4,10.151.25.0 255.255.255.0,,,,,
DTH1TBP,net_10.152.25.0/24,7024b6a2-baac-51ea-68e5-462ce42ebebd,10.152.25.0 255.255.255.0,,,,,
DTH1TBP,host_10.151.5.38,ae6f1a74-baac-51ea-4f26-9a2e469d08e2,10.151.5.38 255.255.255.255,,,,,
DTH1TBP,host_10.151.5.86,b5764bb2-baac-51ea-d6e3-45ab363aed17,10.151.5.86 255.255.255.255,,,,,
DTH1TBP,host_10.152.5.36,c57bf0b6-baac-51ea-d557-92431a9a5c2c,10.152.5.36 255.255.255.255,,,,,
DTH1TBP,host_10.1.150.21,d6a93f88-baac-51ea-a340-73b8c4df95f2,10.1.150.21 255.255.255.255,,,,,
DTH1TBP,host_10.63.107.108,e38dc3ae-baac-51ea-6d3b-6cba8843a6e8,10.63.107.108 255.255.255.255,,,,,
DTH1TBP,range_10.241.51.41-42,05f35ca6-baad-51ea-8413-a121bd961d91,,,iprange,,10.241.51.41,10.241.51.42
DTH1TBP,range_10.241.151.41-42,15e311ba-baad-51ea-f124-90f5bf878ebe,,,iprange,,10.241.151.41,10.241.151.42
DTH1TBP,range_10.151.5.37-38,8f31b85a-baad-51ea-7f79-011c7c520a9a,,,iprange,,10.151.5.37,10.151.5.38
DTH1TBP,range_10.152.5.35-36,8f4982f0-baad-51ea-ec9e-304f0a489c60,,,iprange,,10.152.5.35,10.152.5.36
DTH1TBP,range_10.151.54.53-77,ad3f538e-baad-51ea-e35b-e1a858f5a7bd,,,iprange,,10.151.54.53,10.151.54.77
DTH1TBP,range_10.151.54.80-83,bb414c30-baad-51ea-2a4a-a88d913991f1,,,iprange,,10.151.54.80,10.151.54.83
DTH1TBP,range_10.151.54.133-138,d0f55b34-baad-51ea-1d87-e0078d8d2710,,,iprange,,10.151.54.133,10.151.54.138
DTH1TBP,range_10.151.5.75-77,e53b457c-baad-51ea-d191-5479854118f1,,,iprange,,10.151.5.75,10.151.5.77
DTH1TBP,net_10.244.128.0/24,47d866ce-baae-51ea-af4a-5f1e6b33b4cf,10.244.128.0 255.255.255.0,,,,,
DTH1TBP,net_10.248.128.0/24,53140f34-baae-51ea-eabb-f3de6d2db2d1,10.248.128.0 255.255.255.0,,,,,
DTH1TBP,host_10.151.54.75,72e419ee-baae-51ea-5de7-5a73a93999d5,10.151.54.75 255.255.255.255,,,,,
DTH1TBP,host_10.151.14.157,a8f8ed8e-baae-51ea-21a1-88c0b7177750,10.151.14.157 255.255.255.255,,,,,
DTH1TBP,host_10.151.5.171,b47a7a4c-baae-51ea-cfa9-b93fea78ce50,10.151.5.171 255.255.255.255,,,,,
DTH1TBP,host_10.152.5.171,ba8c415e-baae-51ea-e9e0-27e351bd56f9,10.152.5.171 255.255.255.255,,,,,
DTH1TBP,range_10.152.54.43-46,d35c8dd8-baae-51ea-36df-b6ee1cb0f291,,,iprange,,10.152.54.43,10.152.54.46
DTH1TBP,range_10.152.54.59-76,e09aee40-baae-51ea-c6ce-803d23d8a463,,,iprange,,10.152.54.59,10.152.54.76
DTH1TBP,range_10.151.54.82-85,f6c6173a-baae-51ea-e3b9-d8964479500b,,,iprange,,10.151.54.82,10.151.54.85
DTH1TBP,host_10.152.54.79,07f0b2d6-baaf-51ea-a077-458421ca5305,10.152.54.79 255.255.255.255,,,,,
DTH1TBP,net_172.24.4.0/24,39d7ccbc-baaf-51ea-654c-ecde5ac0deb7,172.24.4.0 255.255.255.0,,,,,
DTH1TBP,range_10.152.5.45-46,831a4260-baaf-51ea-4c74-90c14a9b2b5d,,,iprange,,10.152.5.45,10.152.5.46
DTH1TBP,host_10.152.5.79,90659208-baaf-51ea-8ab9-e10ed1f7de76,10.152.5.79 255.255.255.255,,,,,
DTH1TBP,net_10.170.33.0/24,a731233a-baaf-51ea-4e36-831e0d82f3bf,10.170.33.0 255.255.255.0,,,,,
DTH1TBP,net_10.170.43.0/24,adf36a52-baaf-51ea-790a-238e87842498,10.170.43.0 255.255.255.0,,,,,
DTH1TBP,net_10.1.150.0/24,c1d0586e-baaf-51ea-d673-e62233064994,10.1.150.0 255.255.255.0,,,,,
DTH1TBP,range_10.170.63.89-90,c465b94c-bc0e-51ea-260d-83d661c1043c,,,iprange,,10.170.63.89,10.170.63.90
DTH1TBP,net_10.1.153.0/24,c27252dc-bdbf-51ea-44a8-67b55a13afd6,10.1.153.0 255.255.255.0,,,,,
DTH1TBP,host_10.245.79.99,d0034e6a-bdbf-51ea-bf7d-385eb8c08dba,10.245.79.99 255.255.255.255,,,,,
DTH1TBP,range_10.245.127.83-84,53974ccc-bdc0-51ea-139c-8cdf84e30fa3,,,iprange,,10.245.127.83,10.245.127.84
DTH1TBP,range_10.193.46.21-23,2b684a7e-bdc2-51ea-a2b3-d7dc5c2b8021,,,iprange,,10.193.46.21,10.193.46.23
DTH1TBP,net_192.168.86.0/24,c20d18aa-c27d-51ea-8dbb-58d84dba5ac8,192.168.86.0 255.255.255.0,,,,,
DTH1TBP,net_192.168.90.0/24,cb5db4d2-c27d-51ea-2cb3-f00dbf31b7d0,192.168.90.0 255.255.255.0,,,,,
DTH1TBP,net_192.168.70.0/24,d2cdeffc-c27d-51ea-5946-dd33cc535dde,192.168.70.0 255.255.255.0,,,,,
DTH1TBP,net_192.168.234.0/24,d958570e-c27d-51ea-a817-13fd23b7653c,192.168.234.0 255.255.255.0,,,,,
DTH1TBP,net_192.168.237.0/24,e158218c-c27d-51ea-22f2-063edfd55cb4,192.168.237.0 255.255.255.0,,,,,
DTH1TBP,net_10.2.150.0/24,fc5884e0-c27d-51ea-211c-9d3b6def1f1d,10.2.150.0 255.255.255.0,,,,,
DTH1TBP,net_10.70.12.0/24,1652cfa4-c27e-51ea-7195-dd4253e93de5,10.70.12.0 255.255.255.0,,,,,
DTH1TBP,host_10.244.192.17,2fd7ec20-c27e-51ea-2a59-4c4771be35d5,10.244.192.17 255.255.255.255,,,,,
DTH1TBP,host_10.244.192.75,4175d078-c27e-51ea-db17-95ab5c117ae0,10.244.192.75 255.255.255.255,,,,,
DTH1TBP,host_10.244.240.15,566365cc-c27e-51ea-4b37-3a2883e9f394,10.244.240.15 255.255.255.255,,,,,
DTH1TBP,host_10.244.192.59,6612910a-c27e-51ea-8442-0378d00788c7,10.244.192.59 255.255.255.255,,,,,
DTH1TBP,net_10.204.130.0/24,7dfec7de-c27e-51ea-716e-185a4a40e3d5,10.204.130.0 255.255.255.0,,,,,
DTH1TBP,net_10.204.131.0/24,84c41790-c27e-51ea-2b30-b4e96ae4b11c,10.204.131.0 255.255.255.0,,,,,
DTH1TBP,host_10.244.192.161,976b517e-c27e-51ea-d2f4-ec6f6015bc14,10.244.192.161 255.255.255.255,,,,,
DTH1TBP,host_10.70.14.61,a942503c-c27e-51ea-27d6-1ffeed379200,10.70.14.61 255.255.255.255,,,,,
DTH1TBP,host_10.70.12.200,b13a744a-c27e-51ea-aa95-965c357af356,10.170.12.200 255.255.255.255,,,,,
DTH1TBP,host_10.1.125.15,bf88fe2c-c27e-51ea-22e9-fe7251dbfbc5,10.1.125.15 255.255.255.255,,,,,
DTH1TBP,host_10.1.125.103,c6a4a6c0-c27e-51ea-c757-93ecdfa3fe69,10.1.125.103 255.255.255.255,,,,,
DTH1TBP,host_10.216.111.13,de46c16e-c27e-51ea-6a2d-84055bf3476c,10.216.111.13 255.255.255.255,,,,,
DTH1TBP,host_10.1.150.122,f517106a-c27e-51ea-86b7-e2a5f8e12f1c,10.1.150.122 255.255.255.255,,,,,
DTH1TBP,host_10.1.150.124,00930eee-c27f-51ea-c2cf-f4836a6e8452,10.1.150.124 255.255.255.255,,,,,
DTH1TBP,host_10.1.153.21,1467be4c-c27f-51ea-036e-a7cf0e7bfbee,10.1.153.21 255.255.255.255,,,,,
DTH1TBP,net_10.193.46.0/24,2eb61582-c27f-51ea-9fdb-508619d12f0c,10.193.46.0 255.255.255.0,,,,,
DTH1TBP,net_10.18.113.0/24,389c67a4-c27f-51ea-cfeb-6dd75379e491,10.18.113.0 255.255.255.0,,,,,
DTH1TBP,host_10.2.150.21,53b4bece-c27f-51ea-7d7f-c856430620b8,10.2.150.21 255.255.255.255,,,,,
DTH1TBP,host_10.2.150.27,62128e9c-c27f-51ea-bfe4-87fbcf25abb5,10.2.150.27 255.255.255.255,,,,,
DTH1TBP,host_10.244.129.41,16e2cd3c-ccbc-51ea-0aad-304135f2fd8d,10.244.129.41 255.255.255.255,,,,,
DTH1TBP,host_10.248.129.41,2123bcfc-ccbc-51ea-7b11-43d5e48d8d90,10.248.129.41 255.255.255.255,,,,,
DTH1TBP,IP_10.244.64.174,da4d8966-e110-51ea-7e98-da889e1dd439,10.244.64.174 255.255.255.255,,,,,
DTH1TBP,IP_10.248.64.174,e1b3d9b2-e110-51ea-b0a9-46741320eba7,10.248.64.174 255.255.255.255,,,,,
DTH1TBP,IP_10.170.53.95,7e8bd492-e341-51ea-4d8b-fdb5fbc86749,10.170.53.95 255.255.255.255,,,,,
DTH1TBP,IP_10.151.5.37,7e9109d0-e341-51ea-5eef-08fd77e70381,10.151.5.37 255.255.255.255,,,,,
DTH1TBP,IP_10.152.5.35,7e9195d0-e341-51ea-c9d8-2dc577be7169,10.152.5.35 255.255.255.255,,,,,
DTH1TBP,IP_10.151.25.12,7e9222e8-e341-51ea-51b4-8a07758dcb12,10.151.25.12 255.255.255.255,,,,,
DTH1TBP,IP_10.152.25.12,7e92aeac-e341-51ea-d354-bdea8e0da486,10.152.25.12 255.255.255.255,,,,,
DTH1TBP,net_239.1.1.0/24,7e9622a8-e341-51ea-e9ad-c3cfc4b5d4f9,239.1.1.0 255.255.255.0,,,,,
DTH1TBP,net_239.1.127.0/24,7e97115e-e341-51ea-fc0e-06f85a7a3222,239.1.127.0 255.255.255.0,,,,,
DTH1TBP,IP_10.241.51.51,7e982166-e341-51ea-5ab4-e37449ab24de,10.241.51.51 255.255.255.255,,,,,
DTH1TBP,IP_10.241.51.52,7e98ad84-e341-51ea-60ca-e4ed8c73e34c,10.241.51.52 255.255.255.255,,,,,
DTH1TBP,IP_10.241.51.55,7e9938c6-e341-51ea-8452-361e1cb6132d,10.241.51.55 255.255.255.255,,,,,
DTH1TBP,IP_10.241.151.51,7e99c53e-e341-51ea-8a9d-d29fdf59823d,10.241.151.51 255.255.255.255,,,,,
DTH1TBP,IP_10.241.151.52,7e9a524c-e341-51ea-bef9-440579ec28fc,10.241.151.52 255.255.255.255,,,,,
DTH1TBP,IP_10.241.151.55,7e9adf64-e341-51ea-0605-3e481a4ae1e0,10.241.151.55 255.255.255.255,,,,,
DTH1TBP,IP_159.220.180.3,7e9bcb90-e341-51ea-a49c-333cb757e8e1,159.220.180.3 255.255.255.255,,,,,
DTH1TBP,IP_159.220.180.66,7e9c5894-e341-51ea-8d73-ccf922db4b21,159.220.180.66 255.255.255.255,,,,,
DTH1TBP,IP_10.63.91.11,7e9ce58e-e341-51ea-62a5-b5afa34eda53,10.63.91.11 255.255.255.255,,,,,
DTH1TBP,IP_10.63.92.11,7e9d6f86-e341-51ea-747e-c72fa4e63e11,10.63.92.11 255.255.255.255,,,,,
DTH1TBP,IP_10.244.128.13,7e9e5b12-e341-51ea-6970-a728b4b7a6db,10.244.128.13 255.255.255.255,,,,,
DTH1TBP,IP_10.151.25.11,7e9f491e-e341-51ea-0bcf-eabd0bb6176e,10.151.25.11 255.255.255.255,,,,,
DTH1TBP,IP_10.152.25.11,7e9fd456-e341-51ea-b88f-60bfbbd321fe,10.152.25.11 255.255.255.255,,,,,
DTH1TBP,IP_10.170.53.89,7ea06010-e341-51ea-23ca-e08a78231d83,10.170.53.89 255.255.255.255,,,,,
DTH1TBP,IP_10.170.53.90,7ea0eb98-e341-51ea-3c19-d12fe9978bed,10.170.53.90 255.255.255.255,,,,,
DTH1TBP,IP_10.170.63.89,7ea17bd0-e341-51ea-80c1-15b5a631127a,10.170.63.89 255.255.255.255,,,,,
DTH1TBP,IP_10.170.63.90,7ea20816-e341-51ea-e4da-3eb29ffa16e2,10.170.63.90 255.255.255.255,,,,,
DTH1TBP,IP_10.170.53.96,7ea294fc-e341-51ea-232c-dbc59b9a441b,10.170.53.96 255.255.255.255,,,,,
DTH1TBP,IP_10.170.63.96,7ea321ce-e341-51ea-d87e-4b77ee2bcc73,10.170.63.96 255.255.255.255,,,,,
DTH1TBP,IP_174.20.2.86,7ea3abda-e341-51ea-9126-164397425eba,174.20.2.86 255.255.255.255,,,,,
DTH1TBP,IP_10.244.128.134,7ea497fc-e341-51ea-5222-2e87a0c51c51,10.244.128.134 255.255.255.255,,,,,
DTH1TBP,IP_10.248.128.134,7ea52758-e341-51ea-5c76-02b7ba930eb4,10.248.128.134 255.255.255.255,,,,,
DTH1TBP,IP_10.245.126.179,7ea5b77c-e341-51ea-f999-9e0efcbca718,10.245.126.179 255.255.255.255,,,,,
DTH1TBP,IP_10.249.126.179,7ea64688-e341-51ea-f0dc-5ec18e3ee586,10.249.126.179 255.255.255.255,,,,,
DTH1TBP,IP_10.245.126.181,7ea6d4e0-e341-51ea-683f-b01dc8cb0fd0,10.245.126.181 255.255.255.255,,,,,
DTH1TBP,IP_10.249.126.181,7ea7677a-e341-51ea-5341-1f99a3b710ad,10.249.126.181 255.255.255.255,,,,,
DTH1TBP,IP_10.1.90.113,7ea8593c-e341-51ea-11b2-8a2f2f1893ed,10.1.90.113 255.255.255.255,,,,,
DTH1TBP,IP_10.1.90.114,7ea8e8ac-e341-51ea-0b2f-0e0d1b108478,10.1.90.114 255.255.255.255,,,,,
DTH1TBP,IP_10.2.90.113,7ea97556-e341-51ea-03e3-e2e398ecc221,10.2.90.113 255.255.255.255,,,,,
DTH1TBP,IP_10.2.90.114,7eaa03e0-e341-51ea-b1f7-65aecc92a99b,10.2.90.114 255.255.255.255,,,,,
DTH1TBP,IP_10.70.2.33,7eaa96c0-e341-51ea-863c-41515e82a402,10.70.2.33 255.255.255.255,,,,,
DTH1TBP,IP_10.70.2.34,7eab272a-e341-51ea-409a-81b805a65bb5,10.70.2.34 255.255.255.255,,,,,
DTH1TBP,IP_10.70.12.33,7eabb424-e341-51ea-30ee-3abebb41cabd,10.70.12.33 255.255.255.255,,,,,
DTH1TBP,IP_10.70.12.34,7eac43b2-e341-51ea-ea2c-6474073c0c54,10.70.12.34 255.255.255.255,,,,,
DTH1TBP,IP_10.1.90.123,7eae0a26-e341-51ea-66d8-1ba928a8e728,10.1.90.123 255.255.255.255,,,,,
DTH1TBP,IP_10.1.90.124,7eae94b4-e341-51ea-8ec2-f7d20e3b430d,10.1.90.124 255.255.255.255,,,,,
DTH1TBP,IP_10.2.90.123,7eaf1e3e-e341-51ea-32f4-c4360c8f68fd,10.2.90.123 255.255.255.255,,,,,
DTH1TBP,IP_10.2.90.124,7eafa87c-e341-51ea-8c7f-3485ccfc6592,10.2.90.124 255.255.255.255,,,,,
DTH1TBP,IP_10.151.5.75,7eb093ae-e341-51ea-e7ec-4b57096d16b8,10.151.5.75 255.255.255.255,,,,,
DTH1TBP,IP_10.152.5.75,7eb11f86-e341-51ea-095e-9b7db3af6327,10.152.5.75 255.255.255.255,,,,,
DTH1TBP,IP_10.244.192.90,7eb20d9c-e341-51ea-415b-1a7941fafa25,10.244.192.90 255.255.255.255,,,,,
DTH1TBP,IP_10.245.95.102,7eb29c76-e341-51ea-5204-208b31fb3a3b,10.245.95.102 255.255.255.255,,,,,
DTH1TBP,IP_10.248.192.90,7eb32ac4-e341-51ea-c6fd-38ae6d83093a,10.248.192.90 255.255.255.255,,,,,
DTH1TBP,IP_10.249.95.102,7eb3ba5c-e341-51ea-a62d-a1ad45708da2,10.249.95.102 255.255.255.255,,,,,
DTH1TBP,IP_10.80.1.95,7eb4a3d6-e341-51ea-a082-f86b1675f3be,10.80.1.95 255.255.255.255,,,,,
DTH1TBP,IP_10.80.2.95,7eb58f12-e341-51ea-a6ac-ce618c7077ec,10.80.2.95 255.255.255.255,,,,,
DTH1TBP,range_10.244.64.174-175,95370488-e5bb-51ea-82f9-ebb7720bb927,,,iprange,,10.244.64.174,10.244.64.175
DTH1TBP,range_10.248.64.174-175,95386b34-e5bb-51ea-b2be-cb327d543685,,,iprange,,10.248.64.174,10.248.64.175
DTH1TBP,host_10.170.54.96,35faf42c-e69f-51ea-bc33-ef94b3a19c06,10.170.54.96 255.255.255.255,,,,,
DTH1TBP,host_10.244.128.14,2a030680-e6a1-51ea-3ac9-d9892aae7d84,10.244.128.14 255.255.255.255,,,,,
DTH1TBP,host_10.244.128.20,315fb072-e6a1-51ea-884d-a72afcbb6310,10.244.128.20 255.255.255.255,,,,,
DTH1TBP,host_10.244.255.13,6e1c57e0-e6a1-51ea-a617-2b9d76bad2d2,10.244.255.13 255.255.255.255,,,,,
DTH1TBP,host_10.248.255.13,751d1890-e6a1-51ea-9a72-1ff4e6c8cbb5,10.248.255.13 255.255.255.255,,,,,
DTH1TBP,host_10.152.54.45,ab6935ae-ec0b-51ea-6677-6e4dfcde3161,10.152.54.45 255.255.255.255,,,,,
DTH1TBP,net_10.161.15.0/24,71d7d0aa-ee8d-51ea-4891-75bd9f9d868a,10.161.15.0 255.255.255.0,,,,,
DTH1TBP,net_10.162.15.0/24,78beb7b2-ee8d-51ea-fd6e-2cbebf43b8a2,10.162.15.0 255.255.255.0,,,,,
DTH1MC2,none,60b668c6-7198-51ea-19e6-853c8638a659,0.0.0.0 255.255.255.255,,,,,
DTH1MC2,SSLVPN_TUNNEL_ADDR1,6138a48a-7198-51ea-1d2d-973f9c23e7c6,,,iprange,ssl.DTH1MC2,10.212.134.200,10.212.134.210
DTH1MC2,all,6138cc76-7198-51ea-09f3-563d0cf191c5,,,,,,
DTH1MC2,FIREWALL_AUTH_PORTAL_ADDRESS,6138cfbe-7198-51ea-614a-03036fafdd33,,disable,,,,
DTH1HKATS2,none,e7ef7c6c-8a14-51ea-2c47-a5bef12942be,0.0.0.0 255.255.255.255,,,,,
DTH1HKATS2,SSLVPN_TUNNEL_ADDR1,e874fb9e-8a14-51ea-730f-6b74c46b23f3,,,iprange,ssl.DTH1HKATS2,10.212.134.200,10.212.134.210
DTH1HKATS2,all,e875227c-8a14-51ea-cac6-c6840945cd71,,,,,,
DTH1HKATS2,FIREWALL_AUTH_PORTAL_ADDRESS,e87525a6-8a14-51ea-afbf-4e0158ae1a34,,disable,,,,
